DROP TABLE IF EXISTS `author`;
CREATE TABLE `author` (
  `id` int(10) unsigned NOT NULL AUTO_INCREMENT,
  `surname` varchar(255) DEFAULT NULL,
  `forenames` varchar(255) DEFAULT NULL,
  PRIMARY KEY (`id`),
  UNIQUE KEY `id_UNIQUE` (`id`)
) ENGINE=InnoDB AUTO_INCREMENT=1219 DEFAULT CHARSET=utf8mb4;

LOCK TABLES `author` WRITE;
INSERT INTO `author` VALUES (1,'Lencioni','Patrick'),(2,'Sweigart','Al'),(3,'Fisher','Roger'),(4,'Ury','William'),(5,'Patton','Bruce'),(6,'Lencioni','Patrick'),(7,'Cohn','Mike'),(8,'Beck','Kent'),(9,'Fagone','Jason'),(10,'Bates','Bob'),(11,'Kline','Nancy'),(12,'Adkins','Lyssa'),(13,'Grimm','Jacob'),(14,'Grimm','Wilhelm'),(15,'D. Zipes','Jack'),(16,'Crane','Walter'),(17,'Rothman','Johanna'),(18,'Lucas','Edward'),(19,'Goodman','Marc'),(20,'Stefanov','Stoyan'),(21,'MacCormick','John'),(22,'Bishop','Chris'),(23,'Hunt','Andy'),(24,'Doets','Kees'),(25,'van Eijck','Jan'),(26,'Loeliger','Jon'),(27,'Crockford','Douglas'),(28,'McLaughlin','Brett'),(29,'Pollice','Gary'),(30,'     West','David'),(31,'Crilly','Tony'),(32,'Rubin','Kenneth S.'),(33,'Watts','Geoff'),(34,'Goldratt','Eliyahu M.'),(35,'Cox','Jeff'),(36,'Wallace','David Foster'),(37,'Hunt','Randy J.'),(38,'King','Stephen'),(39,'Patton','Jeff'),(40,'Economy','Peter'),(41,'Merholz','Peter'),(42,'Skinner','Kristin'),(43,'Eyal','Nir'),(44,'Shiller','Robert J.'),(45,'Wachter-Boettcher','Sara'),(46,'Walker','Matthew'),(47,'Gothelf','Jeff'),(48,'Seiden','Josh'),(49,'Kielburger','Craig'),(50,'Deming','W. Edwards'),(51,'Fox','Matt'),(52,'Moore','Alan'),(53,'Gibbons','Dave'),(54,'Higgins','John'),(55,'Hendrickson','Elisabeth'),(56,'Gothelf','Jeff'),(57,'Seiden','Josh'),(58,'Favilli','Elena'),(59,'Cavallo','Francesca'),(60,'Harford','Tim'),(61,'Vance','Ashlee'),(62,'Ries','Eric'),(63,'Ries','Eric'),(64,'Lem','Stanisław'),(65,'Kandel','Michael'),(66,'Mróz','Daniel'),(67,'Schwartz','Mark'),(68,'Daniels','Paul P.'),(69,'Atencio','Luis'),(70,'Zeegen','Lawrence'),(71,'Lanchester','John'),(72,'Fiell','Charlotte'),(73,'Fiell','Peter'),(74,'Garfield','Simon'),(75,'Brooker','Charlie'),(76,'Handy','Charles B.'),(77,'Theroux','Paul'),(78,'Morville','Peter'),(79,'Rosenfeld','Louis'),(80,'Wickman','Gino'),(81,'Paton','Mike'),(82,'Skolnick','Evan'),(83,'Rogel-Salazar','Jesus'),(84,'Hocking','Joseph'),(85,'Sacks','Oliver'),(86,'Sacks','Oliver'),(87,'Ries','Eric'),(88,'Coupland','Douglas'),(89,'Aukstakalnis','Steve'),(90,'Sweigart','Al'),(91,'McRaney','David'),(92,'Anderson','Tim'),(93,'Sinek','Simon'),(94,'Mead','David'),(95,'Docker','Peter'),(96,'Zalewski','Michal'),(97,'Bloch','Joshua'),(98,'Connor','Adam'),(99,'Irizarry','Aaron'),(100,'Ronson','Jon'),(101,'Page','Scott E'),(102,'Gothelf','Jeff'),(103,'Seiden','Josh'),(104,'Berkowitz','Joseph'),(105,'Crouch','Blake'),(106,'Cooper','Sarah'),(107,'Ohanian','Alexis'),(108,'Lowndes','Leil'),(109,'Obama','Barack'),(110,'Obama','Barack'),(111,'Trump','Donald J.'),(112,'Schwartz','Tony'),(113,'Cesarini','Francesco'),(114,'Vinovski','Steve'),(115,'Rogers','Richard George'),(116,'Hofstadter','Douglas R.'),(117,'Rich','Ben R.'),(118,'Janos','Leo'),(119,'Cixin','Liu'),(120,'Liu','Ken'),(121,'O\'Neil','Cathy'),(122,'Burdett','Ricky'),(123,'Craig-Martin','Michael'),(124,'Melvin','Jeremy'),(125,'Ouroussoff','Nicolai'),(126,'Power','Anne'),(127,'Pinto','Kristina'),(128,'Kramer','Rachel'),(129,'Goldsmith','Jonathan'),(130,'Vanderbilt','Tom'),(131,'Scott','Kim Malone'),(132,'Junger','Sebastian'),(133,'Orwell','George'),(134,'Bradbury','Malcolm'),(135,'Orwell','George'),(136,'Hoggart','Richard'),(137,'Wolfe','Tom'),(138,'Soja','Edward W.'),(139,'Putnam','Robert D.'),(140,'Klein','Naomi'),(141,'Fisher','Mark'),(142,'Christian','Brian'),(143,' Griffiths','Tom'),(144,'Braudy','Leo'),(145,'O\'Farrell','John'),(146,'Caro','Robert A.'),(147,'Stephenson','Neal'),(148,'Sandberg','Sheryl'),(149,'Grant','Adam'),(150,'M. Grant','Adam'),(151,'Cline','Ernest'),(152,'Gascoigne','Paul'),(153,'Davies','Hunter'),(154,'Bond','Becky'),(155,'Exley','Zack'),(156,'Rjeily','Rana'),(157,'Martinez','Raoul'),(158,'Springsteen','Bruce'),(159,'Nielsen','Michael'),(160,'Kelly','Marjorie'),(161,'C. Korten','David'),(162,'Goodstein','David'),(163,'R. Goodstein','Judith'),(164,'Feynman','Richard'),(165,'Sanders','Bernie'),(166,'Winters','Ben H.'),(167,'Lamott','Anne'),(168,'Freeman','Eric'),(169,'Sierra','Kathy'),(170,'Bates','Bert'),(171,'Robson','Elisabeth'),(172,'Troost','J. Maarten'),(173,'Smith','Yves'),(174,'Ferguson','Alex'),(175,'Moritz','Michael'),(176,'Langr','Jeff'),(177,'Eckel','Bruce'),(178,'Sierra','Kathy'),(179,'Bates','Bert'),(180,'Greever','Tom'),(181,'Morris','Kief'),(182,'Diamond','Jared'),(183,'Robinson','James A.'),(184,'Acemoğlu','Daron'),(185,'Bolin','Michael'),(186,'Atwood','Margaret'),(187,'Miah','Andy'),(188,'Sinek','Simon'),(189,'Monbiot','George'),(190,'Prescott','Matthew'),(191,'Eisenberg','J. David'),(192,'Nichols','Tom'),(193,'M. Nichols','Thomas'),(194,'Brown','Peter C.'),(195,'L. Roediger III','Henry'),(196,'A. McDaniel','Mark'),(197,'Diamandis','Peter H.'),(198,'Kotler','Steven'),(199,'Glaeser','Edward L.'),(200,'Drasner','Sarah'),(201,'Graham','Benjamin'),(202,'Zweig','Jason'),(203,'Buffett','Warren'),(204,'Hadnagy','Christopher'),(205,'Wilson','Paul'),(206,'Lewis','Michael'),(207,'Lewis','Michael'),(208,'Mitnick','Kevin D.'),(209,'L. Simon','William'),(210,'Wozniak','Steve'),(211,'Lewis','Michael'),(212,'Koepp','Stephen'),(213,'McMurray','Scott'),(214,'L. Rose','Robert'),(215,'Bradbury','Ray'),(216,'Graham','Benjamin'),(217,'L. Dodd','David'),(218,'Fisher','Kenneth L.'),(219,'Hoffmans','Lara'),(220,'L. Chou','Jennifer'),(221,'J. Cramer','James'),(222,'Kazil','Jacqueline'),(223,'Jarmul','Katharine'),(224,'Graeber','David'),(225,'Kirkman','Robert'),(226,'Freedman','David H.'),(227,'Machiavelli','Niccolò'),(228,'Goodwin','Rufus'),(229,'Martinez','Benjamin'),(230,'Mitnick','Kevin D.'),(231,'Vamosi','Robert'),(232,'Manson','Mark'),(233,'Wilson','Edward O.'),(234,'Freedman','David H.'),(235,'Smit','Tim'),(236,'Smit','Tim'),(237,'Navarro','Peter'),(238,'Autry','Greg'),(239,'Wilson','Edward O.'),(240,'Marshall','Tim'),(241,'Love','Howard'),(242,'Müller-Brockmann','Josef'),(243,'Sinclair','Lorna'),(244,'Berg','Maggie'),(245,'Seeber','Barbara'),(246,'Hara','Kenya'),(247,'Bright','Kenneth E.'),(248,'E. Wright','Kenneth'),(249,'R. Whitehill','William'),(250,'Kirchick','James'),(251,'Aaron','Jason'),(252,'Latour','Jason'),(253,'Brunner','Chris'),(254,'Aaron','Jason'),(255,'Latour','Jason'),(256,'Aaron','Jason'),(257,'Latour','Jason'),(258,'Kasparov','Garry'),(259,'Kroeger','Michael'),(260,'Coupland','Douglas'),(261,'Coupland','Douglas'),(262,'Coupland','Douglas'),(263,'Coupland','Douglas'),(264,'Coupland','Douglas'),(265,'Cox','Brian'),(266,'R. Forshaw','Jeffrey'),(267,'Cox','Brian'),(268,'R. Forshaw','Jeffrey'),(269,'Levy','Steven'),(270,'Jehl','Scott'),(271,'Marcotte','Ethan'),(272,'Briggs','Jason R.'),(273,'Adams','Scott'),(274,'Martin','Robert C.'),(275,'Hadfield','Chris'),(276,'Rafati','Khalil'),(277,'George','Nigel'),(278,'Chomsky','Noam'),(279,'Naiman','Arthur'),(280,'Barsamian','David'),(281,'Chomsky','Noam'),(282,'W. McChesney','Robert'),(283,'McCormack','Mark H.'),(284,'Ayoade','Richard'),(285,'Postman','Neil'),(286,'Postman','Andrew'),(287,'Mark','J. Paul'),(288,'Broughton','Philip Delves'),(289,'Lamb','Wally'),(290,'Eberstadt','Nicholas'),(291,'Yong','Ed'),(292,'Heffernan','Virginia'),(293,'O\'Connell','Mark'),(294,'Cox','Brian'),(295,'   Cohen','Andrew'),(296,'Norman','Robin'),(297,'Lyons','Dan'),(298,'Postman','Neil'),(299,'Postman','Neil'),(300,'Levy','David N.L.'),(301,'Alter','Adam'),(302,'Hogan-Brun','Gabrielle'),(303,'Watson','Mark'),(304,'Schutt','Bill'),(305,'J. Wynne','Patricia'),(306,'Kobek','Jarett'),(307,'Lovell','Sophie'),(308,'Ive','Jonathan'),(309,'Kemp','Klaus'),(310,'Field','Robert'),(311,'Mullen','Rodney'),(312,'Mortimer','Sean'),(313,'Noah','Trevor'),(314,'Abelson','Harold'),(315,'Jay Sussman','Gerald'),(316,'Sussman','Julie'),(317,'Knight','Phil'),(318,'Kingsley','Patrick'),(319,'Sestero','Greg'),(320,'Bissell','Tom'),(321,'Cline','Ernest'),(322,'Jr.','Fred Schwed'),(323,'Arno','Peter'),(324,'Zweig','Jason'),(325,'Halpern','Jake'),(326,'Sterling','Bruce'),(327,'Slotkin','Arthur L.'),(328,'Monbiot','George'),(329,'Tetlock','Philip E.'),(330,'Gardner','Dan'),(331,'Dyer','Sam'),(332,'Monbiot','George'),(333,'Gaiman','Neil'),(334,'Matar','Hisham'),(335,'Yanagihara','Hanya'),(336,'Chiang','Ted'),(337,'Goldin','Greg'),(338,'Stone','Brad'),(339,'Goscinny','René'),(340,'Uderzo','Albert'),(341,'Vernallis','Carol'),(342,'Clarke','Arthur C.'),(343,'Clarke','Arthur C.'),(344,'Clarke','Arthur C.'),(345,'Niven','Larry'),(346,'Clarke','Arthur C.'),(347,'Bremmer','Ian'),(348,'Wharton','Ian'),(349,'Maupin','Armistead'),(350,'Clarke','Arthur C.'),(351,'Clarke','Arthur C.'),(352,'Clarke','Arthur C.'),(353,'Clarke','Arthur C.'),(354,'Niven','Larry'),(355,'Niven','Larry'),(356,'Clarke','Arthur C.'),(357,'Grove','Andrew S.'),(358,'Wickman','Gino'),(359,'Eggers','Dave'),(360,'Lewis','Michael'),(361,'Sutton','Robert I.'),(362,'Lewis','Michael'),(363,'Bremmer','Ian'),(364,'Lees','Andrew'),(365,'Grauerholz','James'),(366,'Weinberg','Gerald M.'),(367,'Lewis','Mark C.'),(368,'L. Lacher','Lisa'),(369,'Johnson','Jeff'),(370,'Papanek','Victor'),(371,'Institute','Bathroom Readers\''),(372,'Cranston','Bryan'),(373,'Schneier','Bruce'),(374,'Foley','Michael'),(375,'Scraton','Phil'),(376,'Dailey','George'),(377,'Dailey','Charlie'),(378,'Saavedra','Miguel de Cervantes'),(379,'Grossman','Edith'),(380,'Bloom','Harold'),(381,'Fukuyama','Francis'),(382,'Jackson','Albert'),(383,'Day','David'),(384,'Smith','Chris'),(385,'Stewart','Jon'),(386,'Wyman','Oliver'),(387,'Snyder','Jay'),(388,'T. Collins','Kevin'),(389,'Lutkin','Chris'),(390,'Fass','Robert'),(391,'Fortgang','Lauren'),(392,'Duckworth','Angela'),(393,'Hochschild','Arlie Russell'),(394,'Birch','David'),(395,'Conway','Ed'),(396,'Radjou','Navi'),(397,'Prabhu','Jaideep'),(398,'Ahuja','Simone'),(399,'Roberts','Kevin'),(400,'Kelly','Kevin'),(401,'Siegel','Alan M.'),(402,'Etzkorn','Irene'),(403,'Jakle','John A.'),(404,'A. Sculle','Keith'),(405,'S. Rogers','Jefferson'),(406,'Segaran','Toby'),(407,'Rogers','Carl R.'),(408,'D. Kramer','Peter'),(409,'Chernow','Ron'),(410,'Irvine','William B.'),(411,'Krane','Jim'),(412,'Krammer','Christian'),(413,'Shoup','Donald C.'),(414,'Williams','Roger'),(415,'Stellman','Andrew'),(416,'  Greene','Jennifer'),(417,'McKinney','Wes'),(418,'Jackson','Paul'),(419,'Harris','Peter'),(420,'Kubel','Henrik'),(421,' Williams','Scott'),(422,'Bodanis','David'),(423,'Burkett','Seth'),(424,'Rogers','Danny'),(425,'Parker','Matt'),(426,'Tse','Edward'),(427,'Dartnell','Lewis'),(428,'Beasley','Neil'),(429,'Burkett','Seth'),(430,'Hambling','David'),(431,'Hyndman','Sarah'),(432,'Shedroff','Nathan'),(433,'Noessel','Christopher'),(434,'Sutton','Robert I.'),(435,'Sandberg','Sheryl'),(436,'Scovell','Nell'),(437,'Miller','Steve'),(438,'Wong','Dona M.'),(439,'Ziadé','Tarek'),(440,'Hardy','Brian'),(441,'Phillips','Bill'),(442,'Gallwey','W. Timothy'),(443,'Kleinman','Zach'),(444,'Carroll','Pete'),(445,'Harford','Tim'),(446,'Harford','Tim'),(447,'Harford','Tim'),(448,'Hurley','Kameron'),(449,'Bogle','John C.'),(450,'Patterson','Scott'),(451,'Foer','Joshua'),(452,'Morton','Ella'),(453,'Thuras','Dylan'),(454,'Maria','Jason Santa'),(455,'Cederholm','Dan'),(456,'Hall','Erika'),(457,'Zeldman','Jeffrey'),(458,'McGrane','Karen'),(459,'Monteiro','Mike'),(460,'Spiekermann','Erik'),(461,'Walter','Aarron'),(462,'Keith','Jeremy'),(463,'Zeldman','Jeffrey'),(464,'Coyier','Chris'),(465,'Meyer','Eric A.'),(466,'Wachter-Boettcher','Sara'),(467,'Monteiro','Mike'),(468,'Kleon','Austin'),(469,'Clark','Josh'),(470,'Marcotte','Ethan'),(471,'McGrane','Karen'),(472,'Marcotte','Ethan'),(473,'Demaree','David'),(474,'Edmonds','Noel'),(475,'Regebro','Lennart'),(476,'Joy','Mike'),(477,'Luck','Michael'),(478,'Jarvis','Stephen'),(479,'Fanu','James Le'),(480,'Stiglitz','Joseph E.'),(481,'Stone','Biz'),(482,'Seierstad','Åsne'),(483,'Christopherson','Ingrid'),(484,'Sloane','Paul'),(485,'Miller','Myron'),(486,'Sloane','Paul'),(487,'Voss','Chris'),(488,'Raz','Tahl'),(489,'Atchison','Lee'),(490,'Sloane','Paul'),(491,'Armstrong','Jennifer Keishin'),(492,'Kermode','Mark'),(493,'Frank','Robert H.'),(494,'Bingo','Mr.'),(495,'McDowell','Gayle Laakmann'),(496,'Anderson','Benedict'),(497,'Brglez Uranjek','Alja'),(498,'Kurillo','Andrej'),(499,'Vogrinc','Jože'),(500,'Lynch','Jack'),(501,'Ghonim','Wael'),(502,'بسام','رحاب'),(503,'Phillips','Whitney'),(504,'McCloskey','Deirdre N.'),(505,'Felton','Nicholas'),(506,'Ehmann','Sven'),(507,'Ozesanmuseum Bamberg','Di'),(508,'Klanten','Robert'),(509,'McLean','Bethany'),(510,'Elkind','Peter'),(511,'Mason','Paul'),(512,'Maurya','Ash'),(513,'Davies','William'),(514,'Manaugh','Geoff'),(515,'Bulgakov','Mikhail'),(516,'Tiernan O\'Connor','Katherine'),(517,'Proffer','Ellendea'),(518,'Burgin','Diana'),(519,'Sacks','Oliver'),(520,'Christensen','Julia'),(521,'Carr','Nicholas'),(522,'Milner','Greg'),(523,'Carse','James P.'),(524,'Lewis','Michael'),(525,'Lewis','Michael'),(526,'Peters','Benjamin'),(527,'Maeda','John'),(528,'Gawande','Atul'),(529,'Anderson','Chris J.'),(530,'Gertner','Jon'),(531,'Lundin','Stephen C.'),(532,'Paul','Harry'),(533,'Christensen','John'),(534,'H. Blanchard','Kenneth'),(535,'Lovell','Nicholas'),(536,'Watson','Tom'),(537,'Huxley','Aldous'),(538,'Ricard','Matthieu'),(539,'Browner','Jesse'),(540,'Goleman','Daniel'),(541,'Kuenning','Karl'),(542,'Kua','Patrick'),(543,'Case','Steve'),(544,'Ristic','Ivan'),(545,'Tapscott','Don'),(546,'Tapscott','Alex'),(547,'Klein','Zach'),(548,'of Beaver Brook','Residents'),(549,'Kalina','Noah'),(550,'MacKay','David J.C.'),(551,'Beyer','Betsy'),(552,'    Jones','Chris'),(553,'Petoff','Jennifer'),(554,'Richard Murphy','Niall'),(555,'Limoncelli','Thomas A.'),(556,'R. Chalup','Strata'),(557,'J. Hogan','Christina'),(558,'Moran','Caitlin'),(559,'Parker','Geoffrey G.'),(560,'W. Van Alstyne','Marshall'),(561,'Paul Choudary','Sangeet'),(562,'Bowen','Jeremy'),(563,'Menn','Joseph'),(564,'Lewis','Michael'),(565,'Watts','Alan W.'),(566,'Pace','Steve'),(567,'J. Boyne','Walter'),(568,'Simpson','Kyle'),(569,'Rushkoff','Douglas'),(570,'Miller','Roland'),(571,'Coates','Ta-Nehisi'),(572,'Duhigg','Charles'),(573,'Shillcock','Rachel'),(574,'Davies','Andy'),(575,'Tan','Chui Chui'),(576,'Gregory','Owen'),(577,'Travers','Andrew'),(578,'Leech','Joe'),(579,'Wasserman','Noam'),(580,'Knapp','Jake'),(581,'Zeratsky','John'),(582,'Kowitz','Brad'),(583,'Clarke','Arthur C.'),(584,'Baxter','Stephen'),(585,'Syed','Matthew'),(586,'Fitzpatrick','Brian W.'),(587,'Collins-Sussman','Ben'),(588,'Newport','Cal'),(589,'Lee','Stewart'),(590,'Tufte','Edward R.'),(591,'Ross','Alec J.'),(592,'Budiansky','Stephen'),(593,'Slee','Tom'),(594,'Ford','Henry'),(595,'Cohn','Mike'),(596,'Eastaway','Robert'),(597,'Wyndham','Jeremy'),(598,'Brand','Stewart'),(599,'Rose','Todd'),(600,'Turkle','Sherry'),(601,'Simpson','Kyle'),(602,'Simpson','Kyle'),(603,'Simpson','Kyle'),(604,'Simpson','Kyle'),(605,'Berman','Eleanor'),(606,'Harris','Patricia'),(607,'Schultz','Jonathan'),(608,'Lyon','David'),(609,'Ballantine','Tania'),(610,'Lightbody','Kim'),(611,'Tufte','Edward R.'),(612,'Sanderson','Dan'),(613,'McCandless','David'),(614,'Heilemann','John'),(615,'Halperin','Mark'),(616,'Sorkin','Andrew Ross'),(617,'Steiber','Annika'),(618,'Alange','Sverker'),(619,'Hodges-Schell','Martina'),(620,' O\'Brien','James'),(621,'McConnell','Steve'),(622,'Williams','Robin P.'),(623,'Kadavy','David'),(624,'DeMarco','Tom'),(625,'R. Lister','Timothy'),(626,'Gerber','Michael E.'),(627,'Petzold','Charles'),(628,'Getty','Brad'),(629,'Veblen','Thorstein'),(630,'Moggridge','Bill'),(631,'Norman','Donald A.'),(632,'Cheng','Kevin'),(633,'Hinman','Rachel'),(634,'Norman','Donald A.'),(635,'Bock','Laszlo'),(636,'Buley','Leah'),(637,'Kahneman','Daniel'),(638,'Nygard','Michael T.'),(639,'Resig','John'),(640,'Bibeault','Bear'),(641,'Hay','Stephen'),(642,'Gardner','James'),(643,'Kemp','Chris'),(644,'Gyger','Brad'),(645,'Alchin','Marty'),(646,'Nayar','Vineet'),(647,'Fitzpatrick','Brian W.'),(648,'Collins-Sussman','Ben'),(649,'Patterson','Kerry'),(650,'Grenny','Joseph'),(651,'McMillan','Ron'),(652,'Switzler','Al'),(653,'R. Covey','Stephen'),(654,'Payne','Stuart'),(655,'Weir','Andy'),(656,'Holovaty','Adrian'),(657,'Kaplan-Moss','Jacob'),(658,'Pfaffenberger','Bryan'),(659,'Neville-Kingdom','Bonar'),(660,'Harris','Blake J.'),(661,'Gillespie','Gil'),(662,'Jones','Richard'),(663,'Munroe','Randall'),(664,'Fried','Jason'),(665,'Heinemeier Hansson','David'),(666,'Hammett','Daniel F'),(667,'Varoufakis','Yanis'),(668,'Jr.','Frederick P. Brooks'),(669,'Haverbeke','Marijn'),(670,'Sunstein','Cass R.'),(671,'Hastie','Reid'),(672,'Baldwin','Peter'),(673,'Newman','Sam'),(674,'Benioff','Marc'),(675,'Adler','Carlye'),(676,'Cringely','Robert X.'),(677,'Levitt','Steven D.'),(678,'J. Dubner','Stephen'),(679,'Goldacre','Ben'),(680,'Walton','Sam'),(681,'Huey','John'),(682,'O\'Connor','T.J.'),(683,'Westby','Emma Jane Hogbin'),(684,'Gleick','James'),(685,'Shannon','Claude'),(686,'J. Carty','John'),(687,'Dupuy','Jean-Pierre'),(688,'Babbage','Charles'),(689,'Lovelace','Ada'),(690,'Palme','Jacob'),(691,'Gleick','James'),(692,'Jukes','Peter'),(693,'Akerlof','George A.'),(694,'J. Shiller','Robert'),(695,'Gladwell','Malcolm'),(696,'LeFevre','John'),(697,'Dweck','Carol S.'),(698,'Goodwin','Doris Kearns'),(699,'Toren','Suzanne'),(700,'Peters','Tom'),(701,'Conrad','Joseph'),(702,'Verou','Lea'),(703,'Murray','Charles J.'),(704,'Levine','Steve'),(705,'Westra','Erik'),(706,'Ward','Dan'),(707,'Coudray','Philippe'),(708,'Botton','Alain de'),(709,'Soros','George'),(710,'A. Volcker','Paul'),(711,'Jackson','Lee'),(712,'Munroe','Randall'),(713,'Deresiewicz','William'),(714,'Cialdini','Robert B.'),(715,'Collins','James C.'),(716,'Huntford','Roland'),(717,'Krebs','Brian'),(718,'Collins','James C.'),(719,'I. Porras','Jerry'),(720,'Owens','Nigel'),(721,'Davies','Lynn'),(722,'Moore','Michael'),(723,'Thomas','Dave'),(724,'Leeson','Nick'),(725,'Sherr','Lynn'),(726,'Deaton','Angus'),(727,'Fried','Jason'),(728,'Heinemeier Hansson','David'),(729,'Levy','Steven'),(730,'Ahmed','Ajaz'),(731,'Cain','Kenneth'),(732,'Thomson','Andrew'),(733,'Postlewait','Heidi'),(734,'Neale','Tom'),(735,'Moore','Geoffrey A.'),(736,'McKenna','Regis'),(737,'Dell\'Abate','Gary'),(738,'Millman','Chad'),(739,'Lessig','Lawrence'),(740,'Aldrin','Buzz'),(741,'David','Leonard'),(742,'Wapner','Leonard M.'),(743,'Lessig','Lawrence'),(744,'Greenfeld','Daniel roy'),(745,'Roy','Audrey'),(746,'Fox','Kate'),(747,'Shapiro','Aaron'),(748,'Sweigart','Al'),(749,'Imai','Masaaki'),(750,'McDougal','Dennis'),(751,'Catmull','Ed'),(752,'   Wallace','Amy'),(753,'Ogilvy','David'),(754,'Klein','Naomi'),(755,'Reinhart','Alex'),(756,'Allen','Thomas J.'),(757,'Coram','Robert'),(758,'Hargreaves-Heap','Shaun P.'),(759,'Varoufakis','Yanis'),(760,'Partridge','Dale'),(761,'Mycoskie','Blake'),(762,'Woodard','Colin'),(763,'Percival','Harry'),(764,'Ravindran','Arun'),(765,'Boorstin','Daniel J.'),(766,'Meyers','Scott'),(767,'Wolfram','Stephen'),(768,'Carlson','Nicholas'),(769,'Fielding','Jonathan'),(770,'Feynman','Richard'),(771,'Zakaria','Fareed'),(772,'Anderson','Tim'),(773,'Eagleman','David'),(774,'Harford','Tim'),(775,'Duffy','Stella'),(776,'Savov','Ivan'),(777,'Livingston','Jessica'),(778,'Harnish','Verne'),(779,'Krishna','Golden'),(780,'Williams','J. Mark G.'),(781,'Penman','Danny'),(782,'Kabat-Zinn','Jon'),(783,'Kofman','Fred'),(784,'Prescott','Peter'),(785,'Prescott','Peter'),(786,'Slatkin','Brett'),(787,'Perkins','Jacob'),(788,'Bird','Steven'),(789,'Klein','Ewan'),(790,'Loper','Edward'),(791,'Gall','John'),(792,'Castle','Alison'),(793,'Levinson','Marc'),(794,'Doctorow','Cory'),(795,'Ullman','Ellen'),(796,'MacKenzie','Gordon'),(797,'Marr','Andrew'),(798,'Hetland','Magnus Lie'),(799,'Skiena','Steven S.'),(800,'Jacobs','Jane'),(801,'Raymond','Eric S.'),(802,'Young','Bob'),(803,'Assange','Julian'),(804,'Smil','Vaclav'),(805,'Deutsch','Donny'),(806,'Knobler','Peter'),(807,'Elman','Julia'),(808,'Lavin','Mark'),(809,'Diamond','Jared'),(810,'Chang','Ha-Joon'),(811,'Adams','Scott'),(812,'McKinney','Wes'),(813,'Okasaki','Chris'),(814,'Souders','Steve'),(815,'O\'Reilly','Tim'),(816,'& Associates','O\'Reilly'),(817,'Inman','Matthew'),(818,'Oatmeal','The'),(819,'Thiel','Peter'),(820,' Masters','Blake'),(821,'Friedman','George'),(822,'Fitzpatrick','Rob'),(823,'Schlosser','Eric'),(824,'Drucker','Peter F.'),(825,'Benkler','Yochai'),(826,'Hunt','Andy'),(827,'Thomas','Dave'),(828,'Agency','Driving Standards'),(829,'McConnell','Steve'),(830,'Lindgren','David T.'),(831,'Harmon','Katharine'),(832,'Kleon','Austin'),(833,'Kleon','Austin'),(834,'Tan','Chade-Meng'),(835,'Díaz-Ortiz','Claire'),(836,'Ikua Gachagua','Sammy'),(837,'Brooks','John'),(838,'Bishop','Bill'),(839,'Peterson','W.E. Pete'),(840,'Brynjolfsson','Erik'),(841,'McAfee','Andrew'),(842,'Mackay','Charles'),(843,'Ries','Al'),(844,'Ries','Laura'),(845,'Ahmed','Ajaz'),(846,'Olander','Stefan'),(847,'Branson','Richard'),(848,'Brown','Amy'),(849,'Wilson','Greg'),(850,'Grigorik','Ilya'),(851,'Smith','Adam'),(852,'S. Skinner','Andrew'),(853,'Vern','Vern'),(854,'Drucker','Peter F.'),(855,'Mezrich','Ben'),(856,'Anderson','Ross J.'),(857,'Singh','Simon'),(858,'Friedman','Milton'),(859,'Cohen','Adam'),(860,'Singh','Simon'),(861,'Collins','Collins'),(862,'Kepler','Johannes'),(863,'Hawking','Stephen'),(864,'Banville','John'),(865,'Chomsky','Noam'),(866,'S. Herman','Edward'),(867,'Janeway','William H.'),(868,'Clifton','Jim'),(869,'Garrett','David'),(870,'Spolsky','Joel'),(871,'Spolsky','Joel'),(872,'Schwaber','Ken'),(873,'Lilienfeld','Scott O.'),(874,'Jay Lynn','Steven'),(875,'Ruscio','John'),(876,'L. Beyerstein','Barry'),(877,'Mullainathan','Sendhil'),(878,'Shafir','Eldar'),(879,'Mlodinow','Leonard'),(880,'Tzu','Sun'),(881,'Cleary','Thomas'),(882,'سعیدی','نادر'),(883,'Portny','Stanley E.'),(884,'Chen','Raymond'),(885,'Oldenburg','Ray'),(886,'Derby','Esther'),(887,'Larsen','Diana'),(888,'Schwaber','Ken'),(889,'Association','Reader\'s Digest'),(890,'Levine','Rick'),(891,'Searls','Doc'),(892,'Weinberger','David'),(893,' Locke','Christopher'),(894,'Hartley','J.R.'),(895,'Nielsen','Jakob'),(896,'Budiu','Raluca'),(897,'Yan','Yuxing'),(898,'Horowitz','Ben'),(899,'Gleick','James'),(900,'Feynman','Richard'),(901,'Rifkin','Jeremy'),(902,'Harris','Bob'),(903,'Haddon','Mark'),(904,'Watts','Alan W.'),(905,'Bazalgette','Peter'),(906,'Chonko','Jon'),(907,'Mason','Robert'),(908,'Berenson','Alex'),(909,'Bryant','Adam'),(910,'Ryan','Johnny'),(911,'Cooper','Martha'),(912,'Chalfant','Henry'),(913,'Silver','Nate'),(914,'Ehrenreich','Barbara'),(915,'Maeda','John'),(916,'Diamandis','Peter H.'),(917,'Kotler','Steven'),(918,'Vise','David A.'),(919,'Martin','Brian R.'),(920,'P. Shaw','Graham'),(921,'Dobbs','Roland'),(922,'Krane','Kenneth S.'),(923,'Rae','Alastair I.M.'),(924,'Binney','James'),(925,'Merrifield','Michael'),(926,'Smith','Alison'),(927,'Nielsen','Jakob'),(928,'Ferriss','Timothy'),(929,'Yahoo!','Yahoo!'),(930,'Barr','Chris'),(931,'Press','Associated'),(932,'Goldstein','Norm'),(933,'Gates','Bill'),(934,'Berners-Lee','Tim'),(935,'Kampfner','John'),(936,'Orwell','George'),(937,'Fromm','Erich'),(938,'Smith','Andrew F.'),(939,'Seward','Jack'),(940,'Carr','Nicholas'),(941,'Hadfield','Chris'),(942,'Wagner','John'),(943,'Fforde','Jasper'),(944,'Keith','Jeremy'),(945,'Benstead','Luke'),(946,'Booch','Grady'),(947,'A. Maksimchuk','Robert'),(948,'W. Engle','Michael'),(949,'J. Young','Bobbi'),(950,'Conallen','Jim'),(951,'A. Houston','Kelli'),(952,'Appelo','Jurgen'),(953,'Keith','Jeremy'),(954,'Shea','Dave'),(955,'Allsopp','John'),(956,'Sambells','Jeffrey'),(957,'Hirmes','David'),(958,'Hooge','J.D.'),(959,'Jokol','Ken'),(960,'Kaluzhny','Pavel'),(961,'Tidwell','Doug'),(962,'Snell','James'),(963,'Tidwell','Doug'),(964,'Kulchenko','Pavel'),(965,'Lindley','Cody'),(966,'Lindley','Cody'),(967,'Community Experts','jQuery'),(968,'Herrington','Jack'),(969,'Kim','Emily'),(970,'Ball','Philip'),(971,'Duckett','Jon'),(972,'Belsky','Scott'),(973,'Malmsten','Ernst'),(974,'Portanger','Erik'),(975,'Drazin','Charles'),(976,'Pilgrim','Mark'),(977,'Goldstein','Noah J.'),(978,'B. Cialdini','Robert'),(979,'J. Martin','Steve'),(980,'Pariser','Eli'),(981,'Gates','Bill'),(982,'Hemingway','Collins'),(983,'Love','John F.'),(984,'Tibbals','Geoff'),(985,'Elliot','Rose'),(986,'Borzillo-Vrenna','Carrie'),(987,'Nielsen','Jakob'),(988,'Tahir','Marie'),(989,'Krug','Steve'),(990,'Pitt','John'),(991,'Weiner','Jennifer'),(992,'Zawodny','Jeremy D.'),(993,'J. Balling','Derek'),(994,'Byrne','John'),(995,'King','Stephen'),(996,'Richmond','Simon'),(997,'Allcard','Clare'),(998,'Brown','Jules'),(999,'Leffman','David'),(1000,'Vladislavić','Ivan'),(1001,'Kalder','Daniel'),(1002,'Lerdorf','Rasmus'),(1003,'Tatroe','Kevin'),(1004,'MacIntyre','Peter'),(1005,'Connolly','Dominic'),(1006,'Thomas','Donald Serrell'),(1007,'Surowiecki','James'),(1008,'Heller','Joseph'),(1009,'Levitt','Steven D.'),(1010,'J. Dubner','Stephen'),(1011,'Hayder','Hasin'),(1012,'Ward','Cheryl Denise'),(1013,'Sanghera','Sathnam'),(1014,'Taleb','Nassim Nicholas'),(1015,'Adiga','Aravind'),(1016,'Glenny','Misha'),(1017,'Cormen','Thomas H.'),(1018,'E. Leiserson','Charles'),(1019,'L. Rivest','Ronald'),(1020,'Stein','Clifford'),(1021,'Pilgrim','Mark'),(1022,'Andrew','Christopher M.'),(1023,'Levitt','Steven D.'),(1024,'J. Dubner','Stephen'),(1025,'Frank','Thomas'),(1026,'Chatfield','Tom'),(1027,'Heath','Chip'),(1028,'Heath','Dan'),(1029,'Bibb','Sally'),(1030,'Frauenfelder','Mark'),(1031,'Tsiolkas','Christos'),(1032,'Tamm','James W.'),(1033,'J. Luyet','Ronald'),(1034,'Hoover','Dave'),(1035,'Oshineye','Adewale'),(1036,'Martin','Robert C.'),(1037,'Murakami','Haruki'),(1038,'Rubin','Jay'),(1039,'Hartmann','Kiki'),(1040,'Nielsen','Dorte'),(1041,'Neuwirth','Robert'),(1042,'Edwards','Douglas'),(1043,'Levy','Steven'),(1044,'Buckingham','Marcus'),(1045,'Coffman','Curt'),(1046,'Start','Daniel'),(1047,'Morozov','Evgeny'),(1048,'Flanagan','David'),(1049,'Davies','Nick'),(1050,'Oram','Andy'),(1051,'Wilson','Greg'),(1052,'Patel','Raj'),(1053,'Shakar','Alex'),(1054,'Lakoff','George'),(1055,'Dean','Howard'),(1056,'Hazen','Dan'),(1057,'Wiseman','Richard'),(1058,'Brooks','Michael'),(1059,'MacLeod','Hugh'),(1060,'Rand','Ayn'),(1061,'Peikoff','Leonard'),(1062,'Zalewski','Michal'),(1063,'Giroux','Henry A.'),(1064,'Graham','Paul'),(1065,'Noren','Allen'),(1066,'Hutchinson','Matt'),(1067,'Taleb','Nassim Nicholas'),(1068,'Brunner','Robert'),(1069,'Emery','Stewart'),(1070,'Hall','Russ'),(1071,'Conley','Chip'),(1072,'David','Joshua'),(1073,'Hammond','Robert'),(1074,'Isaacson','Walter'),(1075,'Cassidy','John'),(1076,'Ridley','Matt'),(1077,'Vaughan','Diane'),(1078,'Mesquita','Bruce Bueno De'),(1079,'Smith','Alastair'),(1080,'Schulte-Peevers','Andrea'),(1081,'Downs','Tom'),(1082,'Ver Berkmoes','Ryan'),(1083,'Benson','Sara'),(1084,'A. Vlahides','John'),(1085,'Landon','Robert'),(1086,'Plank','Suzanne'),(1087,'Planet','Lonely'),(1088,'Fowler','Martin'),(1089,'Beck','Kent'),(1090,'Roberts','Don'),(1091,'Gamma','Erich'),(1092,'Taylor','Craig'),(1093,'Branson','Richard'),(1094,'Martens','Yuri'),(1095,'Van Meel','Jurlaan'),(1096,'Jan van Ree','Hermen'),(1097,'Dawson','Michael'),(1098,'Segall','Ken'),(1099,'Kirkpatrick','David'),(1100,'Stephenson','Neal'),(1101,'Drummond','Michael'),(1102,'Salaman','Redcliffe N.'),(1103,'Harris','Robert'),(1104,'Clavell','James'),(1105,'Lutz','Mark'),(1106,'Losse','Katherine'),(1107,'Guillebeau','Chris'),(1108,'Lopp','Michael'),(1109,'Johnson','Steven'),(1110,'Saatchi','M&C'),(1111,'Ogilvy','David'),(1112,'Parker','Alan'),(1113,'Tate','Ryan'),(1114,'Table','Operators British Association of Pool'),(1115,'ASSOCIA','BRITISH'),(1116,'Uglow','Jenny'),(1117,'Saatchi','Charles'),(1118,'Hamilton','Tyler'),(1119,'Coyle','Daniel'),(1120,'Goldacre','Ben'),(1121,'Kushner','David'),(1122,'Allspaw','John'),(1123,'Robbins','Jesse'),(1124,'Jay','Meg'),(1125,'Keen','Andrew'),(1126,'Lanier','Jaron'),(1127,'Doctorow','Cory'),(1128,'Stross','Charles'),(1129,'McGregor','Richard'),(1130,'Demick','Barbara'),(1131,'Osmani','Addy'),(1132,'MacCaw','Alex'),(1133,'Adams','Paul'),(1134,'Flintoff','John-Paul'),(1135,'School of Life','The'),(1136,'Moritz','Michael'),(1137,'Christensen','Clayton M.'),(1138,'Turner','Ted'),(1139,'Burke','Bill'),(1140,'McDougall','Christopher'),(1141,'Levy','Steven'),(1142,'International','Amnesty'),(1143,'Liker','Jeffrey K.'),(1144,'P. Meier','David'),(1145,'Stross','Randall E.'),(1146,'Wu','Tim'),(1147,'Arthur','Charles'),(1148,'Brafman','Ori'),(1149,'Brafman','Rom'),(1150,'Cain','Susan'),(1151,'Middleton','Neil'),(1152,'Schneeman','Richard'),(1153,'Gladwell','Malcolm'),(1154,'Sadalage','Pramod J.'),(1155,'Fowler','Martin'),(1156,'Gladwell','Malcolm'),(1157,'Coyle','Daniel'),(1158,'Rogak','Lisa'),(1159,'Hugos','Michael H.'),(1160,'Pynchon','Thomas'),(1161,'Campos','Vicente'),(1162,'Newman','Robert'),(1163,'Peter','Laurence J.'),(1164,'Hull','Raymond'),(1165,'Tapscott','Don'),(1166,'D. Williams','Anthony'),(1167,'Gelernter','David'),(1168,'Schmidt','Eric'),(1169,'Cohen','Jared'),(1170,'Green','Brad'),(1171,'Seshadri','Shyam'),(1172,'Gore','Al'),(1173,'Brodie','Mike'),(1174,'Buchanan','Alex'),(1175,'Krotoski','Aleks'),(1176,'Martin','George R.R.'),(1177,'Tolkien','J.R.R.'),(1178,'Lindley','Cody'),(1179,'Ariely','Dan'),(1180,'Drexler','K. Eric'),(1181,'D\'Efilippo','Valentina'),(1182,'Ball','James'),(1183,'Cooper','Alan'),(1184,'Reimann','Robert'),(1185,'Cronin','David'),(1186,'True','Cynthia'),(1187,'Garofalo','Janeane'),(1188,'Balbaert','Ivo'),(1189,'Munari','Bruno'),(1190,'Creagh','Patrick'),(1191,'Rid','Thomas'),(1192,'Pink','Daniel H.'),(1193,'Way','Ben'),(1194,'Mele','Nicco'),(1195,'Krug','Steve'),(1196,'Coupland','Douglas'),(1197,'Bayles','David'),(1198,'Orland','Ted'),(1199,'Malkiel','Burton G.'),(1200,'Lewis','Dan'),(1201,'Roy','Alexander'),(1202,'Press','Oxford University'),(1203,'Mazzucato','Mariana'),(1204,'Llewellyn','Robert'),(1205,'Kozlowski','Pawel'),(1206,'Bacon Darwin','Peter'),(1207,'Fedarko','Kevin'),(1208,'Bilton','Nick'),(1209,'Gladwell','Malcolm'),(1210,'Clancy','Tom'),(1211,'Sanderson','Dan'),(1212,'Christensen','Clayton M.'),(1213,'E. Raynor','Michael'),(1214,'Drucker','Peter F.'),(1215,'Behr','Kevin'),(1216,'Ardi','Dana'),(1217,'Semler','Ricardo'),(1218,'Gawande','Atul');
UNLOCK TABLES;

DROP TABLE IF EXISTS `book`;
CREATE TABLE `book` (
  `isbn` bigint(64) unsigned NOT NULL,
  `title` varchar(255) DEFAULT NULL,
  `description` varchar(5000) DEFAULT NULL,
  `thumbnail_url` varchar(255) DEFAULT NULL,
  PRIMARY KEY (`isbn`)
) ENGINE=InnoDB DEFAULT CHARSET=utf8mb4;

LOCK TABLES `book` WRITE;
INSERT INTO `book` VALUES (2940000825303,'Traction','',''),(9780004703039,'Collins English Dictionary And Thesaurus','',''),(9780007196302,'Collins Spanish Dictionary and Grammar','',''),(9780007252602,'Collins Complete DIY Manual','',''),(9780007294664,'Information is Beautiful','',''),(9780007462483,'I Think You\'ll Find it\'s a Bit More Complicated Than That','',''),(9780007491568,'Fahrenheit 451','',''),(9780007506156,'The Infographic History of the World','',''),(9780007712083,'Omnibus Edition: 3001 The Final Odyssey; The Songs Of Distant Earth','',''),(9780008125080,'Human Universe','',''),(9780060008819,'Dot.con: How America Lost Its Mind and Money in the Internet Era','',''),(9780060155476,'The Intelligent Investor: A Book of Practical Counsel','',''),(9780060182328,'Fly Fishing: Memories of Angling Days','',''),(9780060517120,'Crossing the Chasm: Marketing and Selling High-Tech Products to Mainstream Customers','',''),(9780060521998,'The Innovator\'s Dilemma: The Revolutionary Book that Will Change the Way You Do Business','',''),(9780060556198,'The Mutt: How to Skateboard and Not Kill Yourself','',''),(9780060566104,'Built to Last: Successful Habits of Visionary Companies','',''),(9780060567187,'Often Wrong, Never in Doubt: Unleash the Business Rebel Within','',''),(9780060742515,'Radical Collaboration: Five Essential Skills to Overcome Defensiveness and Build Successful Relationships','',''),(9780060833459,'The Effective Executive: The Definitive Guide to Getting the Right Things Done','',''),(9780060889579,'SuperFreakonomics: Global Cooling, Patriotic Prostitutes And Why Suicide Bombers Should Buy Life Insurance','',''),(9780060929879,'Brave New World','',''),(9780060934347,'Don Quixote','',''),(9780060987046,'Microserfs','',''),(9780060987565,'I Know This Much Is True','',''),(9780061227936,'The Driver: My Dangerous Pursuit of Speed and Truth in the Outlaw Racing World','',''),(9780061234002,'Freakonomics: A Rogue Economist Explores the Hidden Side of Everything (Freakonomics, #1)','',''),(9780061241895,'Influence: The Psychology of Persuasion','',''),(9780061353239,'Predictably Irrational: The Hidden Forces That Shape Our Decisions','',''),(9780061359750,'Love and Sex with Robots: The Evolution of Human-Robot Relationships','',''),(9780061452055,'The Rational Optimist: How Prosperity Evolves','',''),(9780061708770,'The Party: The Secret World of China\'s Communist Rulers','',''),(9780061723759,'Bounce: Mozart, Federer, Picasso, Beckham, and the Science of Success','',''),(9780061733635,'Game Change: Obama and the Clintons, McCain and Palin, and the Race of a Lifetime','',''),(9780062003232,'The 20% Doctrine: How Tinkering, Goofing Off, and Breaking the Rules at Work Drive Success in Business','',''),(9780062005854,'Londoners: The Days and Nights of London Now - As Told by Those Who Love It, Hate It, Live It, Left It, and Long for It','',''),(9780062116925,'Search Inside Yourself: The Unexpected Path to Achieving Success, Happiness (And World Peace)','',''),(9780062273208,'The Hard Thing About Hard Things: Building a Business When There Are No Easy Answers','',''),(9780062276698,'Console Wars: Sega, Nintendo, and the Battle that Defined a Generation','',''),(9780062301918,'FIRE: How Fast, Inexpensive, Restrained, and Elegant Methods Ignite Innovation','',''),(9780062358363,'The End of Average: How We Succeed in a World That Values Sameness','',''),(9780062368591,'I Contain Multitudes: The Microbes Within Us and a Grander View of Life','',''),(9780062385321,'When to Rob a Bank','',''),(9780062407801,'Never Split the Difference: Negotiating As If Your Life Depended On It','',''),(9780062430489,'The Woman Who Smashed Codes: A True Story of Love, Spies, and the Unlikely Heroine who Outwitted America\'s Enemies','',''),(9780062457738,'The Subtle Art of Not Giving a F*ck: A Counterintuitive Approach to Living a Good Life','',''),(9780062495624,'Away with Words: An Irreverent Tour Through the World of Pun Competitions','',''),(9780062515872,'Weaving the Web: The Original Design and Ultimate Destiny of the World Wide Web','',''),(9780066619781,'Corps Business: The 30 Management Principles of the U.S. Marines','',''),(9780066620992,'Good to Great: Why Some Companies Make the Leap... and Others Don\'t','',''),(9780071401944,'Crucial Conversations: Tools for Talking When Stakes Are High','',''),(9780071418584,'How to Talk to Anyone: 92 Little Tricks for Big Success in Relationships','',''),(9780071448932,'The Toyota Way Fieldbook','',''),(9780071716024,'Security Analysis, Part I - Survey and Approach','',''),(9780071790352,'Gemba Kaizen: A Commonsense Approach to a Continuous Improvement Strategy, Second Edition','',''),(9780080963020,'Designing with the Mind in Mind: Simple Guide to Understanding User Interface Design Rules','',''),(9780091901646,'Emergency Sex (And Other Desperate Measures): True Stories from a War Zone','',''),(9780091912987,'Positively Happy: Cosmic Ways To Change Your Life','',''),(9780091929787,'Rework','',''),(9780091936969,'The Fear Index','',''),(9780091940737,'How to Be a Woman','',''),(9780091943318,'Brutal Simplicity of Thought: How It Changed the World','',''),(9780091947569,'Velocity: The Seven New Laws for a World Gone Digital','',''),(9780091955434,'Limitless: Leadership that Endures','',''),(9780099410676,'Cryptonomicon','',''),(9780099418375,'Boo Hoo: $135 Million, 18 Months. . . A Dot.Com Story from Concept to Catastrophe','',''),(9780099511441,'The Complete Fairy Tales','',''),(9780099537946,'Generation A','',''),(9780115524073,'The Official Theory Test For Car Drivers','',''),(9780124201972,'Communicating the UX Vision: 13 Anti-Patterns That Block Good Ideas','',''),(9780125531429,'The Elements Of Hypertext Style','',''),(9780131479418,'Agile Estimating and Planning','',''),(9780131482395,'Agile Java: Crafting Code with Test-Driven Development','',''),(9780131872486,'Thinking in Java','',''),(9780132180238,'Death by China: Confronting the Dragon - A Global Call to Action','',''),(9780132350884,'Clean Code: A Handbook of Agile Software Craftsmanship','',''),(9780133478525,'The Practice of Cloud System Administration: Devops and Sre Practices for Web Services, Volume 2','',''),(9780133890334,'The Best Interface Is No Interface: The Simple Path to Brilliant Technology','',''),(9780134034287,'Effective Python: 59 Specific Ways to Write Better Python','',''),(9780134094236,'Practical Augmented Reality: A Guide to the Technologies, Applications, and Human Factors for AR and VR','',''),(9780137043293,'Essential Scrum: A Practical Guide to the Most Popular Agile Process','',''),(9780137081073,'The Clean Coder: A Code of Conduct for Professional Programmers','',''),(9780137142446,'Do You Matter? How Great Design Will Make People Love Your Company','',''),(9780140092509,'Chaos: Making a New Science','',''),(9780140139969,'How Buildings Learn: What Happens After They\'re Built','',''),(9780140279511,'Collapse: How Societies Choose to Fail or Survive','',''),(9780140291773,'Insanely Great: The Life and Times of Macintosh, the Computer that Changed Everything','',''),(9780140432084,'The Wealth of Nations, Books 1-3','',''),(9780141000510,'Hackers: Heroes of the Computer Revolution','',''),(9780141027395,'Traffic: Why we drive the way we do (and what it says about us)','',''),(9780141028590,'The Boy with the Topknot: A Memoir of Love, Secrets and Lies in Wolverhampton','',''),(9780141035819,'Design as Art','',''),(9780141042312,'Panic!: The Story of Modern Financial Insanity','',''),(9780141047973,'23 Things They Don\'t Tell You About Capitalism','',''),(9780141182704,'Animal Farm','',''),(9780141185293,'The Road to Wigan Pier','',''),(9780141307572,'The Crazy Classroom Joke Book (Puffin Jokes, Games, Puzzles)','',''),(9780142001806,'The Eyre Affair (Thursday Next, #1)','',''),(9780143035718,'Chickenhawk','',''),(9780143036531,'Amusing Ourselves to Death: Public Discourse in the Age of Show Business','',''),(9780143111726,'Find Your Why: A Practical Guide to Discovering Purpose for You and Your Team','',''),(9780143120544,'Triumph of the City: How Our Greatest Invention Makes Us Richer, Smarter, Greener, Healthier, and Happier','',''),(9780147523303,'The Startup Way: Making Entrepreneurship a Fundamental Discipline of Every Enterprise','',''),(9780156027595,'The Cyberiad','',''),(9780190469412,'The Death of Expertise: The Campaign Against Established Knowledge and Why It Matters','',''),(9780195079067,'Mirror Worlds: Or the Day Software Puts the Universe in a Shoebox...How It Will Happen and What It Will Mean','',''),(9780195374612,'A Guide to the Good Life: The Ancient Art of Stoic Joy','',''),(9780195393286,'Atlas of the World','',''),(9780199767007,'Unruly Media: YouTube, Music Video, and the New Digital Cinema','',''),(9780201485677,'Refactoring: Improving the Design of Existing Code','',''),(9780201616224,'The Pragmatic Programmer: From Journeyman to Master','',''),(9780201835953,'The Mythical Man-Month: Essays on Software Engineering','',''),(9780201895513,'Object-Oriented Analysis and Design with Applications','',''),(9780224098908,'Nanban: Japanese Soul Food','',''),(9780226071565,'The World in a Frame: What We See in Films','',''),(9780226264219,'Capitalism and Freedom','',''),(9780226333991,'Bourgeois Equality: How Ideas, Not Capital or Institutions, Enriched the World','',''),(9780226851761,'The Challenger Launch Decision: Risky Technology, Culture, and Deviance at NASA','',''),(9780230620513,'ECONned: How Unenlightened Self Interest Undermined Democracy and Corrupted Capitalism','',''),(9780230744295,'59 Seconds: Think a Little, Change a Lot','',''),(9780241145395,'How the World Works ','',''),(9780241197264,'The Startup Way: How Entrepreneurial Management Transforms Culture and Drives Growth','',''),(9780241258156,'The Euro: And its Threat to the Future of Europe','',''),(9780262014861,'Living with Complexity','',''),(9780262015882,'Redesigning Leadership','',''),(9780262028943,'This Is Why We Can\'t Have Nice Things: Mapping the Relationship Between Online Trolling and Mainstream Culture','',''),(9780262032933,'Introduction to Algorithms','',''),(9780262033794,'Big Box Reuse','',''),(9780262034180,'How Not to Network a Nation: The Uneasy History of the Soviet Internet','',''),(9780262035477,'Sport 2.0: Transforming Sports for a Digital World','',''),(9780262134729,'The Laws of Simplicity: Design, Technology, Business, Life','',''),(9780262134743,'Designing Interactions [With CDROM]','',''),(9780262510271,'Managing the Flow of Technology','',''),(9780262510875,'Structure and Interpretation of Computer Programs (MIT Electrical Engineering and Computer Science)','',''),(9780262541152,'Out of the Crisis','',''),(9780300110562,'The Wealth of Networks: How Social Production Transforms Markets and Freedom','',''),(9780300192056,'Dirty Old London: The Victorian Fight Against Filth','',''),(9780300218312,'The End of Europe: Dictators, Demagogues, and the Coming Dark Age','',''),(9780306810503,'The Last Mogul: Lew Wasserman, MCA, and the Hidden History of Hollywood','',''),(9780306817588,'Why Does E=mc²? (And Why Should We Care?)','',''),(9780307266309,'Born to Run: A Hidden Tribe, Superathletes, and the Greatest Race the World Has Never Seen','',''),(9780307269645,'You Are Not a Gadget','',''),(9780307269935,'The Master Switch: The Rise and Fall of Information Empires','',''),(9780307352149,'Quiet: The Power of Introverts in a World That Can\'t Stop Talking','',''),(9780307353139,'The 4-Hour Workweek','',''),(9780307377340,'Sum: Forty Tales from the Afterlives','',''),(9780307379122,'The News: A User\'s Manual','',''),(9780307463746,'Rework','',''),(9780307887177,'Dark Pools: The Rise of Artificially Intelligent Trading Machines and the Looming Threat to Wall Street','',''),(9780307887436,'Ready Player One (Ready Player One, #1)','',''),(9780307887894,'The Lean Startup: How Today\'s Entrepreneurs Use Continuous Innovation to Create Radically Successful Businesses','',''),(9780307951526,'The $100 Startup: Reinvent the Way You Make a Living, Do What You Love, and Create a New Future','',''),(9780307957245,'Hallucinations','',''),(9780312429249,'The Value of Nothing: How to Reshape Market Society and Redefine Democracy','',''),(9780312535742,'City of Gold: Dubai and the Dream of Capitalism','',''),(9780312569846,'The Yahoo! Style Guide: The Ultimate Sourcebook for Writing, Editing, and Creating Content for the Digital World','',''),(9780312681937,'The Fall of the Alphas','',''),(9780316010665,'Blink: The Power of Thinking Without Thinking','',''),(9780316017923,'Outliers: The Story of Success','',''),(9780316023788,'Wrong: Why Experts Keep Failing Us and How to Know When Not to Trust Them','',''),(9780316159418,'The Bookseller of Kabul','',''),(9780316164931,'The Perfect Store: Inside eBay','',''),(9780316167253,'Happiness: A Guide to Developing Life\'s Most Important Skill','',''),(9780316204361,'David and Goliath: Underdogs, Misfits, and the Art of Battling Giants','',''),(9780316253017,'An Astronaut\'s Guide to Life on Earth','',''),(9780316261241,'Underground Airlines','',''),(9780316268080,'Leading: Learning from Life and My Years at Manchester United','',''),(9780316306089,'Disrupted: My Misadventure in the Start-Up Bubble','',''),(9780316346627,'The Tipping Point: How Little Things Can Make a Big Difference','',''),(9780316378215,'Cabin Porn: Inspiration for Your Quiet Place Somewhere','',''),(9780316380508,'The Art of Invisibility: The World\'s Most Famous Hacker Teaches You How to Be Safe in the Age of Big Brother and Big Data','',''),(9780316729154,'Billion Dollar Game: How Three Men Risked It All and Changed the Face of Television','',''),(9780316796880,'Boyd: The Fighter Pilot Who Changed the Art of War','',''),(9780316921176,'Infinite Jest','',''),(9780321193858,'The Non-Designer\'s Design Book','',''),(9780321205681,'User Stories Applied: For Agile Software Development','',''),(9780321344755,'Don\'t Make Me Think: A Common Sense Approach to Web Usability','',''),(9780321440303,'The Old New Thing: Practical Development Throughout the Evolution of Windows','',''),(9780321472663,'Bulletproof Ajax','',''),(9780321637703,'Coaching Agile Teams: A Companion for ScrumMasters, Agile Coaches, and Project Managers in Transition','',''),(9780321657299,'Rocket Surgery Made Easy: The Do-It-Yourself Guide to Finding and Fixing Usability Problems','',''),(9780321718990,'Management 3.0: Leading Agile Developers, Developing Agile Leaders','',''),(9780321804112,'Grouped: How Small Groups of Friends Are the Key to Influence on the Social Web','',''),(9780321804334,'Android Programming: The Big Nerd Ranch Guide','',''),(9780321826626,'NoSQL Distilled: A Brief Guide to the Emerging World of Polyglot Persistence','',''),(9780321884480,'Mobile Usability','',''),(9780321887863,'Responsive Design Workflow','',''),(9780321929037,'Product Design for the Web: Principles of Designing and Releasing Web Products','',''),(9780330343473,'An Anthropologist on Mars: Seven Paradoxical Tales','',''),(9780330369435,'Captive State: The Corporate Takeover of Britain','',''),(9780330411929,'My Trade: A Short History of British Journalism','',''),(9780330492270,'The Psychopath Test','',''),(9780330514019,'Childhood\'s End','',''),(9780333987636,'Introducing Unix And Linux','',''),(9780335221783,'Designing and Reporting Experiments in Psychology','',''),(9780340752128,'Watching the English: The Hidden Rules of English Behaviour','',''),(9780345341846,'Finite and Infinite Games: A Vision of Life as Play and Possibility','',''),(9780345414601,'Ringworld Throne/Ringworld/The Ringworld Engineers','',''),(9780345428899,'eBoys: The First Inside Account of Venture Capitalists at Work','',''),(9780345479174,'Trump: The Art of the Deal','',''),(9780345530417,'The Secret Race: Inside the Hidden World of the Tour de France: Doping, Cover-ups, and Winning at All Costs','',''),(9780345538376,'J.R.R. Tolkien 4-Book Boxed Set: The Hobbit and The Lord of the Rings','',''),(9780374117269,'A Burglar\'s Guide to the City','',''),(9780374227357,'Political Order and Political Decay: From the Industrial Revolution to the Globalization of Democracy','',''),(9780374232870,'The Pinecone: The Story of Sarah Losh, Forgotten Romantic Heroine--Antiquarian, Architect, and Visionary','',''),(9780374275631,'Thinking, Fast and Slow','',''),(9780374530419,'Critical Mass: How One Thing Leads to Another','',''),(9780374532994,'High Line: The Inside Story of New York City\'s Park in the Sky','',''),(9780375423727,'The Information: A History, a Theory, a Flood','',''),(9780375424045,'The Drunkard\'s Walk: How Randomness Rules Our Lives','',''),(9780375508738,'The Death and Life of Great American Cities','',''),(9780375704024,'Norwegian Wood','',''),(9780375705106,'The Way of Zen','',''),(9780375714498,'Manufacturing Consent: The Political Economy of the Mass Media','',''),(9780380803774,'American Scream: The Bill Hicks Story','',''),(9780385345828,'Video Game Storytelling: What Every Developer Needs to Know about Narrative Techniques','',''),(9780385349949,'Lean In: Women, Work, and the Will to Lead','',''),(9780385351393,'The Circle','',''),(9780385480017,'Bird by Bird: Some Instructions on Writing and Life','',''),(9780385493628,'Fermat\'s Enigma: The Epic Quest to Solve the World\'s Greatest Mathematical Problem','',''),(9780385517058,'The Next 100 Years: A Forecast for the 21st Century','',''),(9780385523905,'Nothing to Envy: Ordinary Lives in North Korea','',''),(9780385524384,'Sway: The Irresistible Pull of Irrational Behavior','',''),(9780385528757,'Switch: How to Change Things When Change Is Hard','',''),(9780385529372,'The Accidental Billionaires: The Founding of Facebook, a Tale of Sex, Money, Genius, and Betrayal','',''),(9780385689229,'Born a Crime: Stories From a South African Childhood','',''),(9780385721677,'Oryx and Crake (MaddAddam, #1)','',''),(9780385721707,'The Wisdom of Crowds','',''),(9780387948607,'The Algorithm Design Manual','',''),(9780393039184,'Feynman\'s Lost Lecture: The Motion of Planets Around the Sun','',''),(9780393072228,'The Shallows: What the Internet is Doing to Our Brains','',''),(9780393072952,'The Wall Street Journal Guide to Information Graphics: The Dos and Don\'ts of Presenting Data, Facts, and Figures','',''),(9780393089127,'Pinpoint: How GPS Is Changing Technology, Culture, and Our Minds','',''),(9780393239355,'The Second Machine Age: Work, Progress, and Prosperity in a Time of Brilliant Technologies','',''),(9780393247688,'In Defense of a Liberal Education','',''),(9780393249132,'Platform Revolution: How Networked Markets Are Transforming the Economy--and How to Make Them Work for You','',''),(9780393254594,'The Undoing Project: A Friendship That Changed Our Minds','',''),(9780393319408,'The Diversity of Life','',''),(9780393320923,'What Do You Care What Other People Think?','',''),(9780393324815,'Moneyball: The Art of Winning an Unfair Game','',''),(9780393325355,'A Random Walk Down Wall Street','',''),(9780393338652,'The Money Culture','',''),(9780393338690,'Liar\'s Poker','',''),(9780393339758,'The Shallows: What the Internet Is Doing to Our Brains','',''),(9780393347814,'The New New Thing: A Silicon Valley Story','',''),(9780393351590,'Flash Boys: A Wall Street Revolt','',''),(9780393352177,'Data and Goliath: The Hidden Battles to Collect Your Data and Control Your World','',''),(9780393353150,'The Big Short: Inside the Doomsday Machine','',''),(9780393634631,'Technically Wrong: Sexist Apps, Biased Algorithms, and Other Threats of Toxic Tech','',''),(9780394704685,'The Wisdom of Insecurity: A Message for an Age of Anxiety','',''),(9780394729039,'Ogilvy on Advertising','',''),(9780395755310,'On Becoming a Person: A Therapist\'s View of Psychotherapy','',''),(9780412555701,'Basic Electromagnetism','',''),(9780415250948,'Game Theory: A Critical Introduction','',''),(9780415953610,'Shadow Cities: A Billion Squatters, a New Urban World','',''),(9780425172902,'The Hunt for Red October (Jack Ryan Universe, #4)','',''),(9780434019908,'Worst. Person. Ever.','',''),(9780436205392,'What\'s The Matter With America?: The Resistible Rise of the American Right','',''),(9780440178002,'Shōgun (Asian Saga, #1)','',''),(9780446526562,'The No Asshole Rule: Building a Civilized Workplace and Surviving One That Isn\'t','',''),(9780446556088,'Good Boss, Bad Boss: How to Be the Best... and Learn from the Worst','',''),(9780446575065,'The Defining Decade: Why Your Twenties Matter - And How to Make the Most of Them Now','',''),(9780446581899,'Call Me Ted','',''),(9780446675963,'Business @ the Speed of Thought: Succeeding in the Digital Economy','',''),(9780449908884,'Liberation Management','',''),(9780451524935,'1984','',''),(9780452011878,'Atlas Shrugged','',''),(9780465004881,'The Associated Press Stylebook and Briefing on Media Law','',''),(9780465030781,'I Am a Strange Loop','',''),(9780465039135,'Code: And Other Laws of Cyberspace','',''),(9780465067107,'The Design of Everyday Things','',''),(9780470049235,'Project Management for Dummies','',''),(9780470068526,'Security Engineering: A Guide to Building Dependable Distributed Systems','',''),(9780470074992,'The Only Three Questions That Count: Investing by Knowing What Others Don\'t','',''),(9780470084113,'About Face 3: The Essentials of Interaction Design','',''),(9780470102107,'The Little Book of Common Sense Investing: The Only Way to Guarantee Your Fair Share of Stock Market Returns','',''),(9780470521168,'Behind the Cloud: The Untold Story of How Salesforce.com Went from Idea to Billion-Dollar Company-And Revolutionized an Industry','',''),(9780470597606,'Getting Naked: A Business Fable about Shedding the Three Fears That Sabotage Client Loyalty','',''),(9780470639535,'Social Engineering: The Art of Human Hacking','',''),(9780471048855,'The Supermen: The Story of Seymour Cray and the Technical Wizards Behind the Supercomputer','',''),(9780471445494,'The Alchemy of Finance','',''),(9780471770893,'Where Are the Customers\' Yachts?: Or a Good Hard Look at Wall Street','',''),(9780471805533,'Introductory Nuclear Physics','',''),(9780471972853,'Particle Physics','',''),(9780500276518,'Architecture, a Modern View','',''),(9780521316231,'The History and Social Influence of the Potato','',''),(9780521663502,'Purely Functional Data Structures','',''),(9780525428084,'The Inevitable: Understanding the 12 Technological Forces That Will Shape Our Future','',''),(9780544272996,'What If?: Serious Scientific Answers to Absurd Hypothetical Questions','',''),(9780544634497,'TED Talks: The Official TED Guide to Public Speaking','',''),(9780544808560,'Einstein\'s Greatest Mistake: A Biography','',''),(9780547416991,'I\'m Feeling Lucky: The Confessions of Google Employee Number 59','',''),(9780552115544,'Tales of the City (Tales of the City, #1)','',''),(9780552998031,'Things Can Only Get Better: Eighteen Miserable Years in the Life of a Labour Supporter, 1979-1997','',''),(9780553347593,'McDonald\'s: Behind The Arches','',''),(9780553380958,'Snow Crash','',''),(9780553381351,'The Right Stuff','',''),(9780553383669,'The Google Story: Inside the Hottest Business, Media, and Technology Success of Our Time','',''),(9780553418811,'Weapons of Math Destruction: How Big Data Increases Inequality and Threatens Democracy','',''),(9780553562835,'Sam Walton: Made In America','',''),(9780553563702,'The Hacker Crackdown: Law and Disorder on the Electronic Frontier','',''),(9780571254804,'How I Escaped My Certain Fate','',''),(9780571297740,'I Can Make You Hate','',''),(9780571303663,'Untangling the Web: What the Internet is Doing to you','',''),(9780571316526,'Ayoade on Ayoade: A Cinematic Odyssey','',''),(9780575003491,'Business Adventures','',''),(9780575077027,'Ringworld','',''),(9780575077331,'Rendezvous with Rama (Rama, #1)','',''),(9780575402454,'The Lost Gardens Of Heligan','',''),(9780586056998,'2010: Odyssey Two (Space Odyssey, #2)','',''),(9780586066232,'The Songs Of Distant Earth','',''),(9780586203194,'2061: Odyssey Three (Space Odyssey, #3)','',''),(9780586212042,'The Sentinel','',''),(9780593076354,'The Upstarts: How Uber, Airbnb, and the Killer Companies of the New Silicon Valley Are Changing the World','',''),(9780595185269,'Roadie: A True Story (at Least the Parts I Remember)','',''),(9780596000530,'XSLT','',''),(9780596000950,'Programming Web  Services with SOAP','',''),(9780596001087,'The Cathedral & the Bazaar: Musings on Linux and Open Source by an Accidental Revolutionary','',''),(9780596003067,'High Performance MySQL: Optimization, Backups, Replication & Load Balancing','',''),(9780596006624,'Hackers & Painters: Big Ideas from the Computer Age','',''),(9780596006815,'Programming PHP','',''),(9780596007126,'Head First Design Patterns','',''),(9780596008673,'Head First Object-Oriented Analysis and Design: A Brain Friendly Guide to OOA&D','',''),(9780596009205,'Head First Java','',''),(9780596009403,'Python Pocket Reference','',''),(9780596101992,'JavaScript: The Definitive Guide','',''),(9780596159771,'jQuery Cookbook: Solutions & Examples for jQuery Developers','',''),(9780596516499,'Natural Language Processing with Python','',''),(9780596517748,'JavaScript: The Good Parts','',''),(9780596518387,'Apprenticeship Patterns: Guidance for the Aspiring Software Craftsman','',''),(9780596520120,'Version Control with Git','',''),(9780596520649,'Getting Started with Flex 3: An Adobe Developer Library Pocket Guide for Developers','',''),(9780596522308,'Even Faster Web Sites','',''),(9780596527341,'Information Architecture for the World Wide Web: Designing Large-Scale Web Sites','',''),(9780596529321,'Programming Collective Intelligence: Building Smart Web 2.0 Applications','',''),(9780596806026,'Html5: Up and Running: Dive Into the Future of Web Development','',''),(9780596806750,'JavaScript Patterns','',''),(9780596808327,'Making Software: What Really Works, and Why We Believe It','',''),(9780609604168,'Renegades of the Empire: How Three Software Warriors Started a Revolution Behind the Walls of Fortress Microsoft','',''),(9780615314464,'xkcd: volume 0','',''),(9780618658947,'The Great Railway Bazaar','',''),(9780618689354,'The Big Sort: Why the Clustering of Like-Minded America is Tearing Us Apart','',''),(9780670021253,'Too Big to Fail: The Inside Story of How Wall Street and Washington Fought to Save the Financial System from Crisis — and Themselves','',''),(9780670022960,'American Nations: A History of the Eleven Rival Regional Cultures of North America','',''),(9780670025848,'The Powerhouse: Inside the Invention of a Battery to Save the World','',''),(9780670067770,'Creating Freedom','',''),(9780670069972,'Blockchain Revolution: How the Technology Behind Bitcoin Is Changing Money, Business, and the World','',''),(9780670772896,'The Road Ahead','',''),(9780670879830,'Orbiting the Giant Hairball: A Corporate Fool\'s Guide to Surviving with Grace','',''),(9780670918492,'What They Teach You At Harvard Business','',''),(9780670923212,'The Curve: Turning Followers into Superfans','',''),(9780670923342,'The Return: Fathers, Sons and the Land In Between','',''),(9780672219573,'Zx81 Basic Book','',''),(9780674729018,'Make It Stick: The Science of Successful Learning','',''),(9780679741800,'The Image: A Guide to Pseudo-Events in America','',''),(9780679743705,'Kepler  (Revolutions Trilogy, #2)','',''),(9780679747048,'Genius: The Life and Science of Richard Feynman','',''),(9780679750314,'The End of Education: Redefining the Value of School','',''),(9780679751663,'The Disappearance of Childhood','',''),(9780679760801,'The Master and Margarita','',''),(9780679762881,'High Output Management','',''),(9780679778318,'The Inner Game of Tennis: The Classic Guide to the Mental Side of Peak Performance','',''),(9780684833392,'Catch-22 (Catch-22, #1)','',''),(9780684852867,'First, Break All the Rules: What the World\'s Greatest Managers Do Differently','',''),(9780684853949,'The Man Who Mistook His Wife for a Hat and Other Clinical Tales','',''),(9780688069629,'The Empire Builders: Inside the Harvard Business School','',''),(9780691025650,'Galactic Astronomy','',''),(9780691123240,'The Box: How the Shipping Container Made the World Smaller and the World Economy Bigger','',''),(9780691147147,'Nine Algorithms That Changed the Future: The Ingenious Ideas That Drive Today\'s Computers','',''),(9780691148908,'Reinventing Discovery: The New Era of Networked Science','',''),(9780691149134,'The Founder\'s Dilemmas: Anticipating and Avoiding the Pitfalls That Can Sink a Startup','',''),(9780691166261,'Irrational Exuberance','',''),(9780691167404,'Success and Luck: Good Fortune and the Myth of Meritocracy','',''),(9780691168319,'Phishing for Phools: The Economics of Manipulation and Deception','',''),(9780691176888,'The Diversity Bonus: How Great Teams Pay Off in the Knowledge Economy','',''),(9780701181451,'Flat Earth News: An Award-Winning Reporter Exposes Falsehood, Distortion and Propaganda in the Global Media','',''),(9780706377453,'Time to Think: Listening to Ignite the Human Mind','',''),(9780711236790,'Eat Like a Londoner: An Insider\'s Guide to Dining Out','',''),(9780712678865,'Maverick: The Success Story Behind the World\'s Most Unusual Workplace','',''),(9780713639742,'Pool (Know the Game)','',''),(9780713641356,'Living Afloat','',''),(9780713998856,'The Defence of the Realm: The Authorized History of MI5','',''),(9780714849188,'As Little Design as Possible','',''),(9780718036201,'People Over Profit: Break the System, Live with Purpose, Be More Successful','',''),(9780718159030,'Hate Mail','',''),(9780719557330,'Freedom\'s Frontier: Censorship in Modern Britain','',''),(9780722540060,'Vegan Feasts','',''),(9780735273993,'No Is Not Enough: Resisting Trump’s Shock Politics and Winning the World We Need','',''),(9780735605350,'Software Estimation: Demystifying the Black Art','',''),(9780735611313,'Code','',''),(9780735619678,'Code Complete','',''),(9780735619937,'Agile Project Management with Scrum','',''),(9780735711020,'Homepage Usability: 50 Websites Deconstructed','',''),(9780738204314,'The Cluetrain Manifesto','',''),(9780739467350,'Guns, Germs, and Steel: The Fates of Human Societies','',''),(9780743203043,'Bowling Alone: The Collapse and Revival of American Community','',''),(9780743207256,'The Savage Girl','',''),(9780743217347,'Battle of Wits: The Complete Story of Codebreaking in World War II','',''),(9780743248303,'Blair\'s Wars','',''),(9780743270755,'Team of Rivals: The Political Genius of Abraham Lincoln','',''),(9780743285223,'The Perfect Thing: How the iPod Shuffles Commerce, Culture, and Coolness','',''),(9780743289948,'Lost Cosmonaut: Observations of an Anti-Tourist','',''),(9780743449687,'War Stories','',''),(9780747268185,'Gazza: My Story','',''),(9780749450014,'The Innovative Leader: How to Inspire your Team and Drive Creativity','',''),(9780749463076,'A Guide to Open Innovation and Crowdsourcing: Advice From Leading Experts','',''),(9780749464134,'Digital Wars: Apple, Google, Microsoft and the Battle for the Internet','',''),(9780749475093,'Campaigns that Shook the World: The Evolution of Public Relations','',''),(9780751515039,'Skunk Works a Personal Memoir of My Years at Lockneed Pub: Werner','',''),(9780751517088,'Rogue Trader','',''),(9780751537659,'Nice Cup of Tea and a Sit Down','',''),(9780752226255,'The Video Games Guide','',''),(9780753519851,'Fun Inc.: Why games are the 21st Century\'s most serious business','',''),(9780753539798,'Screw Business As Usual','',''),(9780753548288,'Option B: Facing Adversity, Building Resilience, and Finding Joy','',''),(9780753555637,'Elon Musk: How the Billionaire CEO of SpaceX and Tesla is Shaping our Future','',''),(9780753557235,'Why Fonts Matter','',''),(9780756642433,'Top 10 Boston (DK Eyewitness Travel)','',''),(9780760349502,'The Big Book of X-Bombers & X-Fighters: USAF Jet-Powered Experimental Aircraft and Their Propulsive Systems','',''),(9780761169086,'Atlas Obscura: An Explorer\'s Guide to the World\'s Hidden Wonders','',''),(9780761169253,'Steal Like an Artist: 10 Things Nobody Told You About Being Creative','',''),(9780761178972,'Show Your Work!: 10 Ways to Share Your Creativity and Get Discovered','',''),(9780762420186,'Harmonies Of The World','',''),(9780764542800,'The Art of Deception: Controlling the Human Element of Security','',''),(9780765309532,'Down and Out in the Magic Kingdom','',''),(9780765329103,'The Rapture of the Nerds','',''),(9780765377067,'The Three-Body Problem (Remembrance of Earth’s Past #1)','',''),(9780765386250,'The Geek Feminist Revolution','',''),(9780767901888,'The Hungry Spirit','',''),(9780767915304,'The Sex Lives of Cannibals: Adrift in the Equatorial Pacific','',''),(9780782143836,'Herding Chickens: Innovative Techniques for Project Management','',''),(9780786705443,'Shackleton','',''),(9780786709670,'The Rise and Fall of Modern Medicine','',''),(9780786718399,'The Mammoth Book of Jokes','',''),(9780786866021,'Fish!: A Remarkable Way to Boost Morale and Improve Results','',''),(9780787960759,'The Five Dysfunctions of a Team: A Leadership Fable','',''),(9780787988616,'Peak: How Great Companies Get Their Mojo from Maslow','',''),(9780800722791,'Hope Runs: An American Tourist, a Kenyan Boy, a Journey of Redemption','',''),(9780801869181,'The Motel In America (The Road And American Culture)','',''),(9780802123305,'Straight to Hell: True Tales of Deviance, Debauchery, and Billion-Dollar Deals','',''),(9780802777515,'The International Bank of Bob: Connecting Our Worlds One $25 Kiva Loan at a Time','',''),(9780802777522,'You Could Look It Up: The Reference Shelf from Ancient Babylon to Wikipedia','',''),(9780804136693,'Superforecasting: The Art and Science of Prediction','',''),(9780804137256,'Armada','',''),(9780804139021,'The Martian','',''),(9780804139298,'Zero to One: Notes on Startups, or How to Build the Future','',''),(9780804171458,'Future Crimes: Everything Is Connected, Everything Is Vulnerable, and What We Can Do About It','',''),(9780804816946,'Outrageous Japanese: Slang, Curses & Epithets','',''),(9780805006780,'Subway Art','',''),(9780805063899,'Nickel and Dimed: On (Not) Getting by in America','',''),(9780805079838,'The Shock Doctrine: The Rise of Disaster Capitalism','',''),(9780805091748,'The Checklist Manifesto: How to Get Things Right','',''),(9780805092646,'Scarcity: Why Having Too Little Means So Much','',''),(9780805097016,'Quick and Nimble: Lessons from Leading CEOs on How to Create a Culture of Innovation','',''),(9780806982274,'Lateral Thinking Puzzlers','',''),(9780812576405,'The Light of Other Days','',''),(9780812972153,'Masters of Doom: How Two Guys Created an Empire and Transformed Pop Culture','',''),(9780812975215,'Fooled by Randomness: The Hidden Role of Chance in Life and in the Markets','',''),(9780812980103,'Dear Undercover Economist: Priceless Advice on Money, Work, Sex, Kids, and Life\'s Other Challenges','',''),(9780812992946,'The Future: Six Drivers of Global Change','',''),(9780812993011,'Creativity, Inc.: Overcoming the Unseen Forces That Stand in the Way of True Inspiration','',''),(9780812993394,'Smarter Faster Better: The Secrets of Being Productive in Life and Business','',''),(9780812993547,'Between the World and Me','',''),(9780826356253,'Abandoned in Place: Preserving America\'s Space History','',''),(9780847691104,'The Mouse that Roared: Disney and the End of Innocence','',''),(9780857193469,'Spark for the Fire: How youthful thinking unlocks creativity','',''),(9780857282514,'The Entrepreneurial State: Debunking Public vs. Private Sector Myths','',''),(9780857867346,'A Poke in the Eye: With a Sharp Stick. by Amnesty International','',''),(9780860915461,'Imagined Communities: Reflections on the Origin and Spread of Nationalism','',''),(9780865478008,'Bad Pharma: How Drug Companies Mislead Doctors and Harm Patients','',''),(9780871404138,'The Social Conquest of Earth','',''),(9780884271789,'The Goal: A Process of Ongoing Improvement','',''),(9780887307287,'The E-Myth Revisited: Why Most Small Businesses Don\'t Work and What to Do About It','',''),(9780887308550,'Accidental Empires','',''),(9780887309373,'The 22 Immutable Laws of Branding: How to Build a Product or Service Into a World-Class Brand','',''),(9780887849688,'Player One: What Is to Become of Us (CBC Massey Lectures)','',''),(9780896087798,'Heat: How to Stop the Planet From Burning','',''),(9780896214408,'Rita Hayworth and Shawshank Redemption: A Story from Different Seasons','',''),(9780897331531,'Design for the Real World: Human Ecology and Social Change','',''),(9780918024763,'An Island to Oneself: The Story of Six Years on a Desert Island','',''),(9780930289232,'Watchmen','',''),(9780932633439,'Peopleware: Productive Projects and Teams','',''),(9780932633491,'An Introduction to General Systems Thinking','',''),(9780937832387,'The Prince','',''),(9780954300692,'The Haskell Road to Logic, Maths and Programming','',''),(9780954452933,'Sustainable Energy - Without the Hot Air','',''),(9780955203671,'Wild Swimming: 150 Hidden Dips In The Rivers, Lakes And Waterfalls Of Britain','',''),(9780957587403,'Scrum Mastery: From Good To Great Servant-Leadership','',''),(9780961392116,'Envisioning Information','',''),(9780961392147,'The Visual Display of Quantitative Information','',''),(9780961454739,'Art and Fear: Observations on the Perils (and Rewards) of Artmaking','',''),(9780961825171,'The Systems Bible: The Beginner\'s Guide to Systems Large and Small: Being the Third Edition of Systemantics','',''),(9780966183221,'If You Don\'t Know Me By Now','',''),(9780975568606,'The Visible Ops Handbook: Starting ITIL in 4 Practical Steps','',''),(9780977616640,'Agile Retrospectives: Making Good Teams Great','',''),(9780978739218,'Release It!: Design and Deploy Production-Ready Software (Pragmatic Programmers)','',''),(9780978774974,'Mastering the Rockefeller Habits: What You Must Do to Increase the Value of Your Growing Firm','',''),(9780981467306,'Two Scoops of Django: Best Practices for Django 1.6','',''),(9780982106013,'Invent Your Own Computer Games with Python','',''),(9780984442508,'HTML5 for Web Designers','',''),(9780984782864,'Cracking the Coding Interview: 189 Programming Questions and Solutions','',''),(9780992001001,'No bullshit guide to math and physics','',''),(9780992658526,'The Boy in Brazil','',''),(9780992658564,'Football\'s Coming Out','',''),(9780993012921,'Sinclair ZX Spectrum: a Visual Compendium','',''),(9780996421805,'I Hate the Internet','',''),(9780997895810,'Good Night Stories for Rebel Girls: 100 Tales of Extraordinary Women','',''),(9781101904220,'Dark Matter','',''),(9781101980521,'Scaling Lean: Mastering the Key Metrics for Startup Growth','',''),(9781101986233,'Stay Interesting: I Don\'t Always Tell Stories about My Life, But When I Do They\'re True and Amazing','',''),(9781107031258,'Doing Capitalism in the Innovation Economy: Markets, Speculation and the State','',''),(9781118008188,'HTML and CSS: Design and Build Websites','',''),(9781118249741,'Jugaad Innovation: Think Frugal, Be Flexible, Generate Breakthrough Growth','',''),(9781118508992,'Professional Heroku Programming','',''),(9781119447832,'Weconomy: Creating Profit Through Purpose','',''),(9781119942535,'Making the Modern World: Materials and Dematerialization','',''),(9781119998952,'Design for Hackers','',''),(9781137278463,'The Zero Marginal Cost Society: The Internet of Things, the Collaborative Commons, and the Eclipse of Capitalism','',''),(9781138168367,'Experimental Design and Statistics','',''),(9781190888517,'The Trade Secret','',''),(9781250002488,'Close to the Machine: Technophilia and Its Discontents','',''),(9781250021861,'The End of Big: How the Internet Makes David the New Goliath','',''),(9781250076335,'Bad Paper: Inside the Secret World of Debt Collectors','',''),(9781257638017,'The Architecture of Open Source Applications','',''),(9781292081496,'The Little Book of Big Coaching Models: 76 Ways to Help Managers Get the Best Out of People','',''),(9781297496042,'The Theory of the Leisure Class: An Economic Study of Institutions','',''),(9781299073692,'Number: How the Drive for Quarterly Earnings Corrupted Wall Street and Corporate America','',''),(9781306813099,'Python for Data Analysis: Data Wrangling with Pandas, Numpy, and IPython','',''),(9781322028583,'The Copyright Wars: Three Centuries of Trans-Atlantic Battle','',''),(9781400032716,'The Curious Incident of the Dog in the Night-Time','',''),(9781400044115,'McMafia: A Journey Through the Global Criminal Underworld','',''),(9781400063512,'The Black Swan: The Impact of the Highly Improbable','',''),(9781400066421,'The Logic of Life: The Rational Economics of an Irrational World','',''),(9781400069552,'They Call Me Baba Booey','',''),(9781400077304,'Titan: The Life of John D. Rockefeller, Sr.','',''),(9781400847969,'The Great Escape: Health, Wealth, and the Origins of Inequality','',''),(9781402295614,'Spam Nation: The Inside Story of Organized Cybercrime — from Global Epidemic to Your Front Door','',''),(9781405131124,'50 Great Myths of Popular Psychology: Shattering Widespread Misconceptions about Human Behavior','',''),(9781405390019,'The Rough Guide to Hong Kong and Macau','',''),(9781407244112,'The City and the Stars','',''),(9781408701539,'Adapt: Why Success Always Starts with Failure','',''),(9781408706763,'Messy: How to Be Creative and Resilient in a Tidy-Minded World','',''),(9781416528630,'Little Earthquakes','',''),(9781416562597,'The White Tiger','',''),(9781416570967,'Yes!: 50 Scientifically Proven Ways to Be Persuasive','',''),(9781416596585,'In the Plex: How Google Thinks, Works, and Shapes Our Lives','',''),(9781417665518,'Stupid White Men: And Other Sorry Excuses for the State of the Nation!','',''),(9781419703737,'Be the Worst You Can Be: Life\'s Too Long for Patience and Virtue','',''),(9781420928198,'My Life And Work (The Autobiography Of Henry Ford)','',''),(9781422122990,'Wiser: Getting Beyond Groupthink to Make Groups Smarter','',''),(9781422123126,'Managing Oneself','',''),(9781422139066,'Employees First, Customers Second: Turning Conventional Management Upside Down','',''),(9781426210174,'Mission to Mars: My Vision for Space Exploration','',''),(9781427287649,'Our Revolution: A Future to Believe In','',''),(9781429940962,'Digital Vertigo: How Today\'s Online Social Revolution Is Dividing, Diminishing, and Disorienting Us','',''),(9781430210474,'Pro Django','',''),(9781430223511,'Scripting Intelligence: Web 3.0 Information Gathering and Processing','',''),(9781430232377,'Python Algorithms: Mastering Basic Algorithms in the Python Language','',''),(9781430266945,'Beginning Responsive Web Design with Html5 and Css3','',''),(9781439102114,'The Facebook Effect: The Inside Story of the Company That is Connecting the World','',''),(9781439156810,'On Writing: A Memoir of the Craft','',''),(9781439159859,'The Emerald Mile: The Epic Story of the Fastest Ride in History Through the Heart of the Grand Canyon','',''),(9781439191705,'Magic and Loss: The Internet as Art','',''),(9781440563621,'Now I Know: The Revealing Stories Behind the World\'s Most Interesting Facts','',''),(9781442397149,'Grit: Passion, Perseverance, and the Science of Success','',''),(9781442613850,'Slow Professor: Challenging the Culture of Speed in the Academy','',''),(9781446153321,'The Twitters of Sir Bonar Neville-Kingdom: Transmitted from the Office of Her Majesty\'s Data-Sharing Czar, July 2009 to May 2010','',''),(9781446409909,'The Talent Code: Greatness isn\'t born. It\'s grown','',''),(9781447202325,'How to Change the World','',''),(9781447230519,'Hatchet Job: Love Movies, Hate Critics','',''),(9781447289234,'Stories of Your Life and Others','',''),(9781447294825,'A Little Life','',''),(9781448136063,'Simple','',''),(9781449302443,'Team Geek: A Software Developer\'s Guide to Working Well with Others','',''),(9781449311650,'Lean UX: Applying Lean Principles to Improve User Experience','',''),(9781449319564,'Enterprise Games','',''),(9781449319793,'Python for Data Analysis','',''),(9781449320737,'Designing for Scalability with Erlang/OTP: Implementing Robust, Fault-Tolerant Systems','',''),(9781449321055,'The Little Book on CoffeeScript','',''),(9781449328252,'Developing Backbone.js Applications','',''),(9781449331924,'Learning Agile: Understanding Scrum, XP, Lean, and Kanban','',''),(9781449335533,'You Don\'t Know JS: Scope & Closures','',''),(9781449342845,'DOM Enlightenment','',''),(9781449344733,'High Performance Browser Networking: What Every Web Developer Should Know about Networking and Web Performance','',''),(9781449344856,'AngularJS','',''),(9781449359232,'Programming Google App Engine: Build & Run Scalable Web Applications on Google\'s Infrastructure','',''),(9781449364823,'Test-Driven Web Development with Python','',''),(9781449372248,'Heroku: Up and Running','',''),(9781449372637,'CSS Secrets: Better Solutions to Everyday Web Design Problems','',''),(9781449374358,'Svg Essentials: Producing Scalable Vector Graphics with XML','',''),(9781449377441,'Web Operations: Keeping the Data on Time','',''),(9781449381875,'Closure: The Definitive Guide','',''),(9781449446604,'Go Add Value Someplace Else','',''),(9781449459956,'The Terrible and Wonderful Reasons Why I Run Long Distances','',''),(9781449476052,'100 Tricks to Appear Smart in Meetings: How to Get By Without Even Trying','',''),(9781451614213,'Abundance: The Future Is Better Than You Think','',''),(9781451648539,'Steve Jobs','',''),(9781451661194,'The Disaster Artist: My Life Inside The Room, the Greatest Bad Movie Ever Made','',''),(9781451668254,'The Boy Kings: A Journey into the Heart of the Social Network','',''),(9781452108858,'Dads Are the Original Hipsters','',''),(9781455520015,'Without Their Permission: The Story of Reddit and a Blueprint for How to Change the World','',''),(9781455528714,'Things a Little Bird Told Me: Confessions of the Creative Mind','',''),(9781455554799,'Work Rules!: Insights from Inside Google That Will Transform How You Live and Lead','',''),(9781455556618,'Marissa Mayer and the Fight to Save Yahoo!','',''),(9781455566389,'Tribe: On Homecoming and Belonging','',''),(9781455586691,'Deep Work: Rules for Focused Success in a Distracted World','',''),(9781456411510,'Porting to Python 3','',''),(9781461437000,'Doing the Impossible: George E. Mueller & the Management of NASA\'s Human Spaceflight Program','',''),(9781465407924,'Top 10 New York City (EYEWITNESS TOP 10 TRAVEL GUIDES)','',''),(9781469769172,'The Way to Go: A Thorough Introduction to the Go Programming Language','',''),(9781472200310,'The Ocean at the End of the Lane','',''),(9781474238298,'Linguanomics: What is the Market Potential of Multilingualism?','',''),(9781476702711,'Excellent Sheep: The Miseducation of the American Elite and the Way to a Meaningful Life','',''),(9781476709567,'Bold: How to Go Big, Create Wealth and Impact the World','',''),(9781476725765,'Sally Ride: America\'s First Woman in Space','',''),(9781476753652,'The Industries of the Future','',''),(9781476756103,'Seinfeldia: How a Show About Nothing Changed Everything','',''),(9781476793856,'A Life in Parts','',''),(9781478936565,'The Daily Show: An Oral History as Told by Jon Stewart, the Correspondents, Staff and Guests','',''),(9781482701968,'Jobocalypse: The End of Human Jobs and How Robots Will Replace Them','',''),(9781491900253,'Programming Google App Engine with Python: Build and Run Scalable Python Apps on Google\'s Infrastructure','',''),(9781491903995,'Effective Modern C++: 42 Specific Ways to Improve Your Use of C++11 and C++14','',''),(9781491904152,'You Don\'t Know JS: this & Object Prototypes','',''),(9781491904190,'You Don\'t Know JS: Types & Grammar','',''),(9781491904220,'You Don\'t Know JS: Async & Performance','',''),(9781491904909,'User Story Mapping: Discover the Whole Story, Build the Right Product','',''),(9781491911181,'Git for Teams: A User-Centered Approach to Creating Efficient Workflows in Git','',''),(9781491921562,'Articulating Design Decisions: Communicate with Stakeholders, Keep Your Sanity, and Deliver the Best User Experience','',''),(9781491924044,'Discussing Design: Improving Communication and Collaboration through Critique','',''),(9781491924358,'Infrastructure as Code: Managing Servers in the Cloud','',''),(9781491924419,'You Don\'t Know JS: Up & Going','',''),(9781491929124,'Site Reliability Engineering: How Google Runs Production Systems','',''),(9781491932056,'Debugging Teams: Better Productivity Through Collaboration','',''),(9781491938409,'Org Design for Design Orgs: Building and Managing In-House Design Teams','',''),(9781491939703,'SVG Animations: From Common UX Implementations to Complex Responsive Animation','',''),(9781491943397,'Architecting for Scale: High Availability for Your Growing Applications','',''),(9781491945940,'Lightweight Django: Using Rest, Websockets, and Backbone','',''),(9781491948811,'Data Wrangling with Python: Tips and Tools to Make Your Life Easier','',''),(9781491950357,'Building Microservices: Designing Fine-Grained Systems','',''),(9781491953600,'Lean UX: Designing Great Products with Agile Teams','',''),(9781492180746,'The Mom Test: How to talk to customers & learn if your business is a good idea when everyone is lying to you','',''),(9781498732161,'Object-Orientation, Abstraction, and Data Structures Using Scala','',''),(9781498742092,'Data Science and Analytics with Python','',''),(9781501121746,'Sprint: How to Solve Big Problems and Test New Ideas in Just Five Days','',''),(9781501132582,'The Third Wave: An Entrepreneur\'s Vision of the Future','',''),(9781501135910,'Shoe Dog: A Memoir by the Creator of NIKE','',''),(9781501141515,'Born to Run','',''),(9781501144318,'Why We Sleep: Unlocking the Power of Sleep and Dreams','',''),(9781503212305,'Invent Your Own Computer Games with Python, 3rd Edition','',''),(9781505425390,'Bristol Travel Guide 2015: Shops, Restaurants, Attractions and Nightlife in Bristol, England (City Travel Guide 2015).','',''),(9781505817485,'Talking with Tech Leads: From Novices to Practitioners','',''),(9781509845354,'Radical Candor: How to be a Great Boss Without Losing Your Humanity','',''),(9781540861689,'Trevor Noah','',''),(9781557505187,'Trust But Verify: Imagery Analysis in the Cold War','',''),(9781557866752,'Thirdspace: Journeys to Los Angeles and Other Real-and-Imagined Places','',''),(9781559584777,'Almost Perfect: How a Bunch of Regular Guys Built WordPerfect Corporation','',''),(9781560006251,'The Concept of the Corporation','',''),(9781562058104,'Designing Web Usability','',''),(9781568491615,'The Peter Principle','',''),(9781568812137,'The Pea and the Sun: A Mathematical Paradox','',''),(9781568984308,'You Are Here: Personal Geographies and Other Maps of the Imagination','',''),(9781568987255,'Paul Rand: Conversations with Students','',''),(9781569246818,'The Great Good Place: Cafes, Coffee Shops, Bookstores, Bars, Hair Salons, and Other Hangouts at the Heart of a Community','',''),(9781576875896,'Scanwiches','',''),(9781578518524,'The Innovator\'s Solution: Creating and Sustaining Successful Growth','',''),(9781579550080,'A New Kind of Science','',''),(9781584889700,'Quantum Mechanics','',''),(9781586487485,'Fatal System Error: The Hunt for the New Crime Lords Who are Bringing Down the Internet','',''),(9781586488758,'The Net Delusion: The Dark Side of Internet Freedom','',''),(9781590202814,'Return to the Little Kingdom: Steve Jobs, the Creation of Apple, and How It Changed the World','',''),(9781590302255,'The Art of War','',''),(9781590593561,'Dive Into Python','',''),(9781590593899,'Joel on Software','',''),(9781590594292,'Flash Math Creativity','',''),(9781590595336,'Dom Scripting: Web Design with JavaScript and the Document Object Model','',''),(9781590597149,'Founders at Work: Stories of Startups\' Early Days','',''),(9781590597255,'The Definitive Guide to Django: Web Development Done Right','',''),(9781590598146,'Microformats: Empowering Your Markup for Web 2.0','',''),(9781590598382,'Smart and Gets Things Done: Joel Spolsky\'s Concise Guide to Finding the Best Technical Talent','',''),(9781590598443,'Managing Humans: Biting and Humorous Tales of a Software Engineering Manager','',''),(9781590598566,'Advanced Dom Scripting: Dynamic Web Design Techniques','',''),(9781590599341,'The Definitive Guide to Pylons','',''),(9781591795179,'Conscious Business: How to Build Value Through Values','',''),(9781591840534,'The Smartest Guys in the Room: The Amazing Rise and Scandalous Fall of Enron','',''),(9781591841388,'Wikinomics: How Mass Collaboration Changes Everything','',''),(9781591842590,'Ignore Everybody: and 39 Other Keys to Creativity','',''),(9781591843122,'Making Ideas Happen: Overcoming the Obstacles Between Vision and Reality','',''),(9781591843320,'Made by Hand: Searching for Meaning in a Throwaway World','',''),(9781591843863,'Users, Not Customers: Who Really Determines the Success of Your Business','',''),(9781591844686,'Every Nation for Itself: Winners and Losers in a G-Zero World','',''),(9781591844839,'Insanely Simple: The Obsession That Drives Apple\'s Success','',''),(9781591845324,'Leaders Eat Last','',''),(9781591846017,'Hatching Twitter: A True Story of Money, Power, Friendship, and Betrayal','',''),(9781591846918,'How to Fail at Almost Everything and Still Win Big: Kind of the Story of My Life','',''),(9781591847472,'Superpower: Three Choices for America\'s Role in the World','',''),(9781591847540,'China\'s Disruptors: How Alibaba, Xiaomi, Tencent, and Other Companies Are Changing the Rules of Business','',''),(9781591847786,'Hooked: How to Build Habit-Forming Products','',''),(9781592406593,'You Are Not So Smart: Why You Have Too Many Friends on Facebook, Why Your Memory Is Mostly Fiction, and 46 Other Ways You\'re Deluding Yourself','',''),(9781593270469,'Silence on the Wire: A Field Guide to Passive Reconnaissance and Indirect Attacks','',''),(9781593272821,'Eloquent JavaScript: A Modern Introduction to Programming','',''),(9781593273880,'The Tangled Web: A Guide to Securing Modern Web Applications','',''),(9781593274078,'Python for Kids','',''),(9781593275990,'Automate the Boring Stuff with Python: Practical Programming for Total Beginners','',''),(9781593276201,'Statistics Done Wrong: The Woefully Complete Guide','',''),(9781594201202,'Against the Day','',''),(9781594201721,'Remix: Making Art and Commerce Thrive in the Hybrid Economy','',''),(9781594203008,'The Filter Bubble: What the Internet is Hiding From You','',''),(9781594203282,'The Idea Factory: Bell Labs and the Great Age of American Innovation','',''),(9781594205231,'The Knowledge: How to Rebuild Our World from Scratch','',''),(9781594205552,'Reclaiming Conversation: The Power of Talk in a Digital Age','',''),(9781594206641,'Irresistible: The Rise of Addictive Technology and the Business of Keeping Us Hooked','',''),(9781594487712,'Where Good Ideas Come From: The Natural History of Innovation','',''),(9781594488849,'Drive: The Surprising Truth About What Motivates Us','',''),(9781594631405,'The Undercover Economist Strikes Back: How to Run-or Ruin-an Economy','',''),(9781595620552,'The Coming Jobs War','',''),(9781596911055,'JPod','',''),(9781597499576,'Violent Python: A Cookbook for Hackers, Forensic Analysts, Penetration Testers and Security Engineers','',''),(9781598631128,'Python Programming for the Absolute Beginner','',''),(9781598635287,'Beginning OpenGL Game Programming, Second Edition','',''),(9781599474694,'Men Without Work: America\'s Invisible Crisis','',''),(9781603587273,'Rules for Revolutionaries: How Big Organizing Can Change Everything','',''),(9781605093109,'Owning Our Future: The Emerging Ownership Revolution','',''),(9781607060765,'The Walking Dead, Compendium 1','',''),(9781607101833,'Uncle John\'s Heavy Duty Bathroom Reader (Uncle John\'s Bathroom Reader, #23)','',''),(9781609611989,'Mindfulness: An Eight-Week Plan for Finding Peace in a Frantic World','',''),(9781610390446,'The Dictator\'s Handbook: Why Bad Behavior is Almost Always Good Politics','',''),(9781610391139,'Radical Abundance: How a Revolution in Nanotechnology Will Change Civilization','',''),(9781616204624,'Cannibalism: A Perfectly Natural History','',''),(9781617230172,'Throwing Rocks at the Google Bus: How Growth Became the Enemy of Prosperity','',''),(9781617292323,'Unity in Action','',''),(9781617293412,'Rxjs in Action','',''),(9781619613744,'I Forgot to Die','',''),(9781620402771,'The Simpsons and Their Mathematical Secrets','',''),(9781620972250,'Strangers in Their Own Land: Anger and Mourning on the American Right','',''),(9781626342927,'The Start-Up J Curve: The Six Steps to Entrepreneurial Success','',''),(9781627790369,'Algorithms to Live By: The Computer Science of Human Decisions','',''),(9781632150165,'Southern Bastards, Vol. 1: Here Was a Man','',''),(9781632152695,'Southern Bastards, Vol. 2: Gridiron','',''),(9781632156105,'Southern Bastards, Vol. 3: Homecoming','',''),(9781632862259,'Cyberphobia: Identity, Trust, Security and the Internet','',''),(9781633691889,'Sense and Respond: How Successful Organizations Listen to Customers and Create New Products Continuously','',''),(9781682190227,'What\'s Yours Is Mine: Against the Sharing Economy','',''),(9781740599511,'California','',''),(9781741753592,'The Slap','',''),(9781743516775,'An Astronaut\'s Guide to Life on Earth','',''),(9781780324500,'The Global Minotaur: America, the True Origins of the Financial Crisis and the Future of the World Economy','',''),(9781780332000,'Mindset: How You Can Fulfil Your Potential','',''),(9781780484259,'A Song of Ice and Fire (A Song of Ice and Fire, #1-5)','',''),(9781780673066,'New Perspectives in Typography','',''),(9781781080450,'The Dark Judges','',''),(9781781253397,'What They Don\'t Teach You At Harvard Business School','',''),(9781781688458,'The Happiness Industry: How the Government and Big Business Sold Us Well-Being','',''),(9781782161820,'Mastering Web Application Development with AngularJS','',''),(9781782397878,'Winter Is Coming: Why Vladimir Putin and the Enemies of the Free World Must Be Stopped','',''),(9781783284375,'Python for Finance','',''),(9781783351053,'The New Odyssey: The Story of Europe\'s Refugee Crisis','',''),(9781783781966,'To be a machine','',''),(9781783961412,'Prisoners of Geography: Ten Maps That Tell You Everything You Need to Know About Global Politics','',''),(9781783986644,'Django Design Patterns and Best Practices','',''),(9781784783624,'How Did We Get into This Mess?: Politics, Equality, Nature','',''),(9781784881146,'JapanEasy: Classic and Modern Japanese Recipes to Cook at Home','',''),(9781787286344,'Mastering Django: Core','',''),(9781840181562,'Hillsborough - The Truth','',''),(9781840915839,'Eat London 2','',''),(9781841621272,'USA by Rail','',''),(9781843539193,'The Rough Guide to Japan','',''),(9781844082124,'The Room of Lost Things','',''),(9781844429622,'Kurt Cobain:  The Nirvana Years, The Complete Chronicle','',''),(9781845769277,'Seagalogy: a Study of the Ass-Kicking Films of Steven Seagal','',''),(9781846141485,'Command and Control','',''),(9781846142857,'Whoops!: Why Everyone Owes Everyone And No One Can Pay','',''),(9781846144325,'The Quantum Universe: Everything That Can Happen Does Happen','',''),(9781846146039,'Dial M for Murdoch','',''),(9781846147388,'Postcapitalism: A Guide to Our Future','',''),(9781846147531,'The Signal and the Noise: The Art and Science of Prediction','',''),(9781846147647,'Things to Make and Do in the Fourth Dimension','',''),(9781846270604,'Portrait with Keys: The City of Johannesburg Unlocked','',''),(9781846683015,'Just My Type: A Book About Fonts','',''),(9781846684050,'Free Radicals: The Secret Anarchy of Science','',''),(9781846684302,'Why Nations Fail: The Origins of Power, Prosperity, and Poverty','',''),(9781846685828,'Being Mortal: Medicine and What Matters in the End','',''),(9781846943171,'Capitalist Realism: Is There No Alternative?','',''),(9781847194947,'Expert Python Programming','',''),(9781847240088,'50 Mathematical Ideas You Really Need to Know','',''),(9781847375247,'The Age Of Absurdity: Why Modern Life Makes It Hard To Be Happy','',''),(9781847670830,'The Audacity of Hope: Thoughts on Reclaiming the American Dream','',''),(9781847670946,'Dreams from My Father','',''),(9781847711328,'Half Time','',''),(9781847923646,'The Power Broker: Robert Moses and the Fall of New York','',''),(9781847940933,'Getting to Yes: Negotiating Agreement Without Giving In','',''),(9781848546202,'The New Digital Age: Reshaping the Future of People, Nations and Business','',''),(9781849042802,'Cyber War Will Not Take Place','',''),(9781849511544,'Python Geo Spatial Development','',''),(9781849513609,'Python Text Processing with NLTK 2.0 Cookbook: Over 80 Practical Recipes for Using Python\'s NLTK Suite of Libraries to Maximize Your Natural Language Processing Capabilities','',''),(9781854379139,'Watercolour','',''),(9781856696982,'Planning Office Spaces: A Practical Guide for Managers and Designers','',''),(9781856697217,'Folding Techniques for Designers: From Sheet to Form','',''),(9781857231113,'The Ringworld Engineers (Ringworld, #2)','',''),(9781857236644,'2001: A Space Odyssey (Space Odyssey, #1)','',''),(9781861056252,'How Long Is a Piece of String?: More Hidden Mathematics of Everyday Life','',''),(9781861897770,'A History of the Internet and the Digital Future','',''),(9781861897992,'Potato: A Global History','',''),(9781884829987,'The High Cost of Free Parking','',''),(9781888363821,'Profit Over People: Neoliberalism and Global Order','',''),(9781889366005,'Comprehensive Manual of Taping and Wrapping Techniques','',''),(9781892295491,'Heart of Darkness','',''),(9781897597323,'Extraordinary Popular Delusions and the Madness of Crowds','',''),(9781897597392,'The UK Trader\'s Bible: The Complete Guide to Trading the UK Stock Market','',''),(9781899618224,'Geometric Patterns from Islamic Art & Architecture','',''),(9781904027829,'The Game: How the City Really Works','',''),(9781904811404,'Smarty PHP Template Programming and Applications','',''),(9781904879435,'The Stone Age Company: Why the Companies We Work for Are Dying and How They Can Be Saved','',''),(9781904915010,'Confessions of an Advertising Man','',''),(9781906477875,'The Naked Guide to Bristol: Not All Guide Books Are The Same','',''),(9781907117046,'Bulletproof SSL and TLS: The Complete Guide to Deploying Secure Servers and Web Applications','',''),(9781907533617,'Richard Rogers: Inside Out','',''),(9781907828119,'A Pocket Guide to Psychology for designers','',''),(9781907828157,'A Pocket Guide to Interviewing for Research','',''),(9781907828492,'A Pocket Guide to International User Research','',''),(9781907828515,'Web Performance','',''),(9781907994364,'Identity Is the New Money','',''),(9781908717122,'News From Gardenia','',''),(9781908717436,'The Fall of the House of Murdoch: Fourteen Days That Ended a Media Dynasty','',''),(9781909513075,'Eden','',''),(9781910749104,'Mentored by a Madman: The William Burroughs Experiment','',''),(9781921569135,'The Great Potato Cookbook','',''),(9781931498715,'Don\'t Think of an Elephant! Know Your Values and Frame the Debate: The Essential Guide for Progressives','',''),(9781932841718,'Impatient Optimist: Bill Gates in His Own Words','',''),(9781933633862,'Debt: The First 5,000 Years','',''),(9781933820187,'The User Experience Team of One: A Research and Design Survival Guide','',''),(9781933820279,'See What I Mean: How to Use Comics to Communicate Ideas','',''),(9781933820552,'The Mobile Frontier: A Guide for Designing Mobile Experiences','',''),(9781933820989,'Make It So: Interaction Design Lessons From Science Fiction','',''),(9781933988696,'Secrets of the JavaScript Ninja','',''),(9781934030967,'Fit & Healthy Pregnancy: How to Stay Strong and in Shape for You and Your Baby','',''),(9781934356050,'Pragmatic Thinking and Learning: Refactor Your Wetware','',''),(9781934356296,'Manage Your Project Portfolio','',''),(9781935179221,'Benjamin Bear in Bright Ideas','',''),(9781935613138,'Cultural Connectives: Bridging the Latin and Arabic Alphabets','',''),(9781936611027,'A Period of Juvenile Prosperity','',''),(9781937557003,'Designing for Emotion','',''),(9781937557041,'Design Is a Job','',''),(9781937557065,'On Web Typography','',''),(9781937557089,'Content Strategy for Mobile','',''),(9781937557102,'Just Enough Research','',''),(9781937557133,'Sass for Web Designers','',''),(9781937557140,'You\'re My Favorite Client','',''),(9781937557164,'Responsible Responsive Design','',''),(9781937557188,'Responsive Web Design (A Book Apart #4)','',''),(9781937557287,'Designing for Touch','',''),(9781937557317,'Going Responsive','',''),(9781937557348,'Responsive Design: Patterns & Principles','',''),(9781937557386,'Git for Humans (A Book Apart #17)','',''),(9781937557409,'Design for Real Life','',''),(9781937557423,'Practical SVG','',''),(9781937785024,'Explore It!: Reduce Risk and Increase Confidence with Exploratory Testing','',''),(9781937785581,'Programming Elixir: Functional |> Concurrent |> Pragmatic |> Fun','',''),(9781938922756,'Never Built New York','',''),(9781939529824,'Get A Grip: An Entrepreneurial Fable... Your Journey to Get Real, Get Simple, and Get Results','',''),(9781942761747,'Swarm Troopers: How Small Drones Will Conquer the World','',''),(9781942788119,'A Seat at the Table','',''),(9782888930969,'Complete Digital Illustration: A Master Class in Image-Making','',''),(9783037781050,'Designing Design','',''),(9783319249193,'The Silicon Valley Management Model: New Paradigms for Entrepreneurs and Innovators','',''),(9783721201451,'Grid Systems in Graphic Design/Raster Systeme Fur Die Visuele Gestaltung (German and English Edition)','',''),(9783791382708,'Great Pubs of London','',''),(9783822838785,'Graphic Design: Grafikdesign im 21. Jahrhundert/Le design graphique au 21 siecle (Icons)','',''),(9783836552417,'Saturday Night Live: The Book','',''),(9783863730703,'A Pocket Guide: Working with brand & design guidelines','',''),(9783899556452,'Photoviz','',''),(9783943365863,'Shopping in Jail: Ideas, Essays and Stories for an Increasingly Real Twenty-First Century','',''),(9783945749470,'The Sketch Handbook','',''),(9787115211316,'Effective Java','',''),(9788189059668,'When Google Met Wikileaks','',''),(9789063691103,'Inspired: How Creative People Think, Work and Find Inspiration','',''),(9789351951230,'Asterix Books Collection - A Set of 36 Brand New Paperbacks','',''),(9789491435423,'Bit Rot','',''),(9789770931196,'الثورة 2.0','','');
UNLOCK TABLES;

DROP TABLE IF EXISTS `copy`;
CREATE TABLE `copy` (
  `id` int(10) unsigned NOT NULL AUTO_INCREMENT,
  `location` enum('bristol','london','sf') NOT NULL,
  `book_isbn` bigint(64) unsigned NOT NULL,
  PRIMARY KEY (`id`),
  KEY `book_isbn_idx` (`book_isbn`),
  CONSTRAINT `copy_book_isbn` FOREIGN KEY (`book_isbn`) REFERENCES `book` (`isbn`) ON DELETE CASCADE ON UPDATE CASCADE
) ENGINE=InnoDB AUTO_INCREMENT=1737 DEFAULT CHARSET=utf8mb4;

LOCK TABLES `copy` WRITE;
INSERT INTO `copy` VALUES (2,'london',9789491435423),(3,'london',9789351951230),(5,'bristol',9789063691103),(6,'london',9787115211316),(7,'london',9783945749470),(8,'london',9783943365863),(9,'bristol',9783863730703),(10,'london',9783836552417),(11,'london',9783822838785),(12,'london',9783791382708),(13,'london',9783721201451),(14,'london',9783319249193),(15,'london',9783037781050),(16,'london',9782888930969),(17,'london',9781939529824),(18,'london',9781938922756),(19,'london',9781937785581),(20,'london',9781937785024),(21,'london',9781937557423),(22,'london',9781937557409),(23,'london',9781937557386),(24,'london',9781937557348),(25,'london',9781937557188),(26,'london',9781937557164),(27,'bristol',9781937557140),(28,'bristol',9781937557133),(29,'london',9781937557102),(30,'london',9781937557065),(31,'london',9781937557041),(32,'london',9781937557003),(33,'london',9781936611027),(34,'bristol',9781935613138),(35,'bristol',9781935179221),(36,'london',9781934356050),(37,'london',9781934030967),(38,'london',9781933988696),(39,'london',9781933820989),(40,'london',9781933820552),(41,'london',9781933820279),(42,'bristol',9781933820187),(43,'bristol',9781933633862),(44,'london',9781932841718),(45,'london',9781931498715),(46,'london',9781910749104),(47,'bristol',9781908717436),(48,'bristol',9781908717122),(49,'bristol',9781907994364),(50,'london',9781907828515),(51,'bristol',9781907828492),(52,'bristol',9781907828157),(53,'bristol',9781907828119),(54,'bristol',9781907533617),(55,'bristol',9781907117046),(56,'bristol',9781906477875),(57,'bristol',9781904915010),(58,'bristol',9781904879435),(59,'bristol',9781904811404),(60,'bristol',9781904027829),(61,'bristol',9781897597392),(62,'bristol',9781897597323),(63,'london',9781892295491),(64,'bristol',9781889366005),(65,'bristol',9781888363821),(66,'bristol',9781884829987),(67,'london',9781861897992),(68,'london',9781861897770),(69,'bristol',9781861056252),(70,'bristol',9781857236644),(71,'bristol',9781857231113),(72,'london',9781856696982),(73,'london',9781854379139),(74,'london',9781849513609),(75,'london',9781849511544),(76,'bristol',9781849042802),(77,'london',9781848546202),(78,'london',9781847940933),(79,'london',9781847923646),(80,'london',9781847711328),(81,'london',9781847670946),(82,'london',9781847670830),(83,'bristol',9781847375247),(84,'bristol',9781847240088),(85,'london',9781847194947),(86,'london',9781846943171),(87,'london',9781846685828),(88,'london',9781846684302),(89,'london',9781846684050),(90,'london',9781846683015),(91,'london',9781846270604),(92,'london',9781846147647),(93,'london',9781846147531),(94,'london',9781846147388),(95,'london',9781846146039),(96,'london',9781846141485),(97,'london',9781845769277),(98,'london',9781844429622),(99,'london',9781844082124),(100,'london',9781843539193),(101,'london',9781841621272),(102,'london',9781840915839),(103,'london',9781840181562),(104,'london',9781787286344),(105,'london',9781784881146),(106,'london',9781784783624),(107,'london',9781783986644),(108,'london',9781783961412),(109,'london',9781783781966),(110,'london',9781783351053),(111,'london',9781783284375),(112,'london',9781782397878),(113,'london',9781782161820),(114,'london',9781781688458),(115,'london',9781781080450),(116,'london',9781780673066),(117,'london',9781780484259),(118,'london',9781780332000),(119,'london',9781780324500),(120,'london',9781743516775),(121,'london',9781741753592),(122,'london',9781740599511),(123,'london',9781682190227),(124,'london',9781633691889),(125,'london',9781632862259),(126,'london',9781632156105),(127,'london',9781632150165),(128,'london',9781627790369),(129,'london',9781626342927),(130,'london',9781620972250),(131,'london',9781620402771),(132,'london',9781619613744),(133,'london',9781617293412),(134,'london',9781617292323),(135,'london',9781617230172),(136,'bristol',9781616204624),(137,'bristol',9781610391139),(138,'bristol',9781610390446),(139,'bristol',9781609611989),(140,'bristol',9781607101833),(141,'bristol',9781607060765),(142,'london',9781603587273),(143,'london',9781599474694),(144,'london',9781598635287),(145,'london',9781598631128),(146,'london',9781597499576),(147,'london',9781596911055),(148,'london',9781595620552),(149,'london',9781594631405),(150,'london',9781594487712),(151,'london',9781594206641),(152,'london',9781594205552),(153,'london',9781594205231),(154,'london',9781594203282),(155,'london',9781594203008),(156,'london',9781594201721),(157,'london',9781594201202),(158,'london',9781593276201),(159,'london',9781593275990),(160,'london',9781593274078),(161,'london',9781593273880),(162,'london',9781593272821),(163,'london',9781593270469),(164,'london',9781592406593),(165,'london',9781591847786),(166,'london',9781591847540),(167,'london',9781591847472),(168,'london',9781591846918),(169,'london',9781591845324),(170,'london',9781591844839),(171,'london',9781591844686),(172,'london',9781591843863),(173,'london',9781591843122),(174,'london',9781591842590),(175,'london',9781591841388),(176,'london',9781591840534),(177,'london',9781591795179),(178,'london',9781590599341),(179,'london',9781590598566),(180,'london',9781590598443),(181,'london',9781590598382),(182,'bristol',9781590598146),(183,'bristol',9781590597255),(184,'london',9781590597149),(185,'london',9781590595336),(186,'london',9781590594292),(187,'london',9781590593899),(188,'london',9781590593561),(189,'london',9781590302255),(190,'london',9781590202814),(191,'london',9781586488758),(192,'london',9781586487485),(193,'london',9781584889700),(194,'london',9781579550080),(195,'london',9781578518524),(196,'london',9781576875896),(197,'london',9781569246818),(198,'london',9781568987255),(199,'london',9781568984308),(200,'london',9781568812137),(201,'london',9781568491615),(202,'london',9781505817485),(203,'london',9781505425390),(204,'london',9781503212305),(205,'london',9781501144318),(206,'london',9781501141515),(207,'london',9781501135910),(208,'london',9781501132582),(209,'london',9781501121746),(210,'london',9781498742092),(211,'london',9781498732161),(212,'london',9781492180746),(213,'london',9781491953600),(214,'bristol',9781491945940),(215,'london',9781491943397),(216,'london',9781491939703),(217,'london',9781491938409),(218,'london',9781491932056),(219,'london',9781491929124),(220,'london',9781491924419),(221,'london',9781491924358),(222,'london',9781491924044),(223,'london',9781491921562),(224,'london',9781491911181),(225,'london',9781491904909),(226,'london',9781491904220),(227,'london',9781491904190),(228,'bristol',9781478936565),(229,'london',9781476709567),(230,'london',9781476702711),(231,'london',9781474238298),(232,'london',9781472200310),(233,'london',9781469769172),(234,'london',9781465407924),(235,'london',9781461437000),(236,'london',9781456411510),(237,'london',9781455586691),(238,'london',9781455566389),(239,'london',9781455556618),(240,'london',9781455554799),(241,'london',9781455528714),(242,'london',9781455520015),(243,'london',9781452108858),(244,'london',9781451668254),(245,'london',9781451661194),(246,'london',9781451648539),(247,'london',9781451614213),(248,'london',9781449476052),(249,'london',9781449459956),(250,'london',9781449446604),(251,'london',9781449381875),(252,'london',9781449377441),(253,'london',9781449374358),(254,'london',9781449372637),(255,'london',9781449372248),(256,'london',9781449364823),(257,'london',9781449344856),(258,'london',9781449344733),(259,'london',9781449342845),(260,'london',9781449331924),(261,'london',9781449321055),(262,'london',9781449320737),(263,'london',9781449319793),(264,'london',9781449319564),(265,'london',9781449311650),(266,'london',9781449302443),(267,'london',9781448136063),(268,'london',9781447294825),(269,'bristol',9781447230519),(270,'london',9781447202325),(271,'london',9781446409909),(272,'london',9781446153321),(273,'london',9781442613850),(274,'london',9781442397149),(275,'london',9781440563621),(276,'london',9781439191705),(277,'london',9781439159859),(278,'london',9781439156810),(279,'london',9781439102114),(280,'london',9781430266945),(281,'london',9781430232377),(282,'london',9781430223511),(283,'london',9781430210474),(284,'london',9781429940962),(285,'london',9781427287649),(286,'london',9781426210174),(287,'london',9781422139066),(288,'london',9781422123126),(289,'london',9781422122990),(290,'london',9781420928198),(291,'london',9781419703737),(292,'london',9781417665518),(293,'london',9781416596585),(294,'london',9781416570967),(295,'london',9781416562597),(296,'london',9781408706763),(297,'london',9781408701539),(298,'bristol',9781407244112),(299,'bristol',9781405390019),(300,'bristol',9781405131124),(301,'bristol',9781402295614),(302,'london',9781400077304),(303,'london',9781400069552),(304,'london',9781400066421),(305,'london',9781400044115),(306,'london',9781400032716),(307,'london',9781322028583),(308,'london',9781306813099),(309,'bristol',9781250076335),(310,'bristol',9781250021861),(311,'bristol',9781250002488),(312,'bristol',9781190888517),(313,'london',9781137278463),(314,'london',9781119447832),(315,'london',9781118508992),(316,'london',9781118249741),(317,'london',9781118008188),(318,'london',9781107031258),(319,'london',9781101986233),(320,'london',9781101980521),(321,'london',9781101904220),(322,'london',9780997895810),(323,'london',9780996421805),(324,'london',9780993012921),(325,'london',9780992658564),(326,'london',9780992658526),(327,'london',9780992001001),(328,'london',9780984782864),(329,'london',9780984442508),(330,'london',9780982106013),(331,'london',9780981467306),(332,'london',9780978774974),(333,'london',9780978739218),(334,'london',9780977616640),(335,'london',9780975568606),(336,'london',9780966183221),(337,'london',9780961825171),(338,'london',9780961454739),(339,'london',9780961392116),(340,'london',9780957587403),(341,'london',9780955203671),(342,'london',9780954452933),(343,'london',9780954300692),(344,'london',9780937832387),(345,'london',9780932633491),(346,'london',9780932633439),(347,'london',9780930289232),(348,'london',9780918024763),(349,'london',9780897331531),(350,'london',9780896214408),(351,'london',9780896087798),(352,'london',9780887849688),(353,'london',9780887309373),(354,'london',9780887308550),(355,'london',9780887307287),(356,'london',9780865478008),(357,'london',9780857867346),(358,'london',9780857193469),(359,'london',9780847691104),(360,'london',9780826356253),(361,'london',9780812993547),(362,'london',9780812993394),(363,'london',9780812993011),(364,'london',9780812992946),(365,'london',9780812980103),(366,'bristol',9780812975215),(367,'bristol',9780805097016),(368,'bristol',9780805079838),(369,'london',9780805006780),(370,'london',9780804816946),(371,'london',9780804171458),(372,'london',9780804139298),(373,'london',9780804139021),(374,'london',9780804137256),(375,'london',9780802777515),(376,'london',9780802123305),(377,'london',9780801869181),(378,'london',9780800722791),(379,'london',9780787988616),(380,'london',9780787960759),(381,'london',9780786866021),(382,'london',9780786718399),(383,'london',9780786709670),(384,'london',9780786705443),(385,'london',9780782143836),(386,'london',9780767915304),(387,'london',9780765386250),(388,'london',9780765377067),(389,'london',9780765329103),(390,'london',9780765309532),(391,'london',9780764542800),(392,'london',9780762420186),(393,'london',9780761178972),(394,'london',9780761169086),(395,'london',9780760349502),(396,'london',9780756642433),(397,'bristol',9780751537659),(398,'bristol',9780751517088),(399,'bristol',9780751515039),(400,'bristol',9780749475093),(401,'london',9780749464134),(402,'london',9780749450014),(403,'london',9780747268185),(404,'london',9780743449687),(405,'london',9780743285223),(406,'london',9780743248303),(407,'london',9780743217347),(408,'london',9780743203043),(409,'london',9780739467350),(410,'london',9780738204314),(411,'london',9780735619937),(412,'london',9780735611313),(413,'london',9780735605350),(414,'london',9780735273993),(415,'london',9780722540060),(416,'london',9780719557330),(417,'london',9780718159030),(418,'london',9780718036201),(419,'london',9780714849188),(420,'london',9780713998856),(421,'london',9780713641356),(422,'bristol',9780712678865),(423,'london',9780706377453),(424,'london',9780701181451),(425,'london',9780691176888),(426,'london',9780691168319),(427,'london',9780691167404),(428,'london',9780691166261),(429,'london',9780691149134),(430,'london',9780691148908),(431,'london',9780691147147),(432,'london',9780691123240),(433,'london',9780691025650),(434,'london',9780688069629),(435,'london',9780684853949),(436,'london',9780684852867),(437,'bristol',9780684833392),(438,'bristol',9780679778318),(439,'bristol',9780679762881),(440,'bristol',9780679760801),(441,'bristol',9780679747048),(442,'bristol',9780679743705),(443,'bristol',9780670923212),(444,'bristol',9780670772896),(445,'bristol',9780670025848),(446,'bristol',9780670022960),(447,'bristol',9780670021253),(448,'bristol',9780618689354),(449,'bristol',9780615314464),(450,'bristol',9780596806750),(451,'bristol',9780596527341),(452,'bristol',9780596522308),(453,'bristol',9780596520649),(454,'london',9780596517748),(455,'london',9780596516499),(456,'london',9780596159771),(457,'london',9780596101992),(458,'london',9780596009403),(459,'london',9780596009205),(460,'london',9780596008673),(461,'london',9780596007126),(462,'london',9780596006815),(463,'london',9780596006624),(464,'london',9780596003067),(465,'london',9780596001087),(466,'london',9780596000530),(467,'london',9780595185269),(468,'london',9780593076354),(469,'london',9780586212042),(470,'london',9780586203194),(471,'london',9780586066232),(472,'london',9780586056998),(473,'london',9780575402454),(474,'london',9780575077331),(475,'london',9780575077027),(476,'london',9780575003491),(477,'london',9780571316526),(478,'london',9780571303663),(479,'london',9780571297740),(480,'london',9780553563702),(481,'london',9780553562835),(482,'london',9780553418811),(483,'london',9780553383669),(484,'london',9780553381351),(485,'london',9780553380958),(486,'london',9780553347593),(487,'london',9780552998031),(488,'london',9780552115544),(489,'london',9780547416991),(490,'london',9780544808560),(491,'london',9780544634497),(492,'london',9780544272996),(493,'london',9780525428084),(494,'london',9780521663502),(495,'london',9780521316231),(496,'london',9780500276518),(497,'london',9780471972853),(498,'london',9780471770893),(499,'london',9780471445494),(500,'london',9780471048855),(501,'london',9780470639535),(502,'london',9780470597606),(503,'london',9780470521168),(504,'london',9780470102107),(505,'london',9780470084113),(506,'london',9780470074992),(507,'london',9780470068526),(508,'london',9780470049235),(509,'london',9780465067107),(510,'london',9780465039135),(511,'london',9780465030781),(512,'london',9780465004881),(513,'london',9780452011878),(514,'london',9780449908884),(515,'london',9780446675963),(516,'london',9780446581899),(517,'london',9780446575065),(518,'london',9780446556088),(519,'london',9780446526562),(520,'london',9780440178002),(521,'london',9780436205392),(522,'london',9780434019908),(523,'london',9780425172902),(524,'london',9780415953610),(525,'london',9780415250948),(526,'london',9780412555701),(527,'london',9780395755310),(528,'london',9780394729039),(529,'london',9780394704685),(530,'london',9780393634631),(531,'london',9780393353150),(532,'london',9780393352177),(533,'london',9780393351590),(534,'london',9780393347814),(535,'london',9780393339758),(536,'london',9780393338690),(537,'london',9780393338652),(538,'london',9780393325355),(539,'london',9780393324815),(540,'london',9780393320923),(541,'london',9780393319408),(542,'london',9780393254594),(543,'london',9780393249132),(544,'london',9780393247688),(545,'london',9780393239355),(546,'london',9780393089127),(547,'london',9780393072952),(548,'london',9780393072228),(549,'london',9780393039184),(550,'london',9780387948607),(551,'london',9780385721707),(552,'london',9780385721677),(553,'london',9780385689229),(554,'london',9780385529372),(555,'london',9780385528757),(556,'london',9780385524384),(557,'london',9780385523905),(558,'london',9780385517058),(559,'london',9780385493628),(560,'london',9780385480017),(561,'london',9780385351393),(562,'london',9780385349949),(563,'london',9780385345828),(564,'london',9780380803774),(565,'london',9780375714498),(566,'london',9780375705106),(567,'london',9780375704024),(568,'london',9780375508738),(569,'london',9780375424045),(570,'london',9780375423727),(571,'london',9780374532994),(572,'london',9780374530419),(573,'london',9780374275631),(574,'london',9780374232870),(575,'london',9780374227357),(576,'london',9780374117269),(577,'london',9780345538376),(578,'london',9780345530417),(579,'london',9780345479174),(580,'london',9780345428899),(581,'london',9780345414601),(582,'london',9780345341846),(583,'london',9780340752128),(584,'london',9780335221783),(585,'london',9780333987636),(586,'london',9780330514019),(587,'london',9780330492270),(588,'london',9780330411929),(589,'london',9780330369435),(590,'london',9780330343473),(591,'london',9780321929037),(592,'london',9780321887863),(593,'london',9780321884480),(594,'london',9780321826626),(595,'london',9780321804334),(596,'london',9780321804112),(597,'london',9780321718990),(598,'london',9780321657299),(599,'london',9780321637703),(600,'london',9780321472663),(601,'london',9780321440303),(602,'london',9780321344755),(603,'london',9780321205681),(604,'london',9780321193858),(605,'london',9780316921176),(606,'london',9780316796880),(607,'london',9780316729154),(608,'london',9780316380508),(609,'london',9780316378215),(610,'london',9780316346627),(611,'london',9780316306089),(612,'london',9780316268080),(613,'london',9780316261241),(614,'london',9780316253017),(615,'london',9780316204361),(616,'london',9780316167253),(617,'london',9780316164931),(618,'london',9780316159418),(619,'london',9780316023788),(620,'london',9780316017923),(621,'london',9780316010665),(622,'london',9780312681937),(623,'london',9780312569846),(624,'london',9780312535742),(625,'london',9780312429249),(626,'london',9780307957245),(627,'london',9780307951526),(628,'london',9780307887894),(629,'london',9780307887436),(630,'london',9780307887177),(631,'london',9780307463746),(632,'london',9780307379122),(633,'london',9780307377340),(634,'london',9780307353139),(635,'london',9780307352149),(636,'london',9780307269935),(637,'london',9780307269645),(638,'london',9780307266309),(639,'london',9780306817588),(640,'london',9780306810503),(641,'london',9780300218312),(642,'london',9780300192056),(643,'london',9780300110562),(644,'london',9780262541152),(645,'london',9780262510875),(646,'london',9780262510271),(647,'london',9780262134743),(648,'london',9780262134729),(649,'london',9780262035477),(650,'london',9780262034180),(651,'london',9780262033794),(652,'london',9780262032933),(653,'london',9780262028943),(654,'london',9780262015882),(655,'london',9780262014861),(656,'london',9780241258156),(657,'london',9780241197264),(658,'london',9780241145395),(659,'london',9780230744295),(660,'london',9780230620513),(661,'london',9780226851761),(662,'london',9780226333991),(663,'london',9780226264219),(664,'london',9780226071565),(665,'london',9780224098908),(666,'london',9780201895513),(667,'london',9780201835953),(668,'london',9780201616224),(669,'london',9780201485677),(670,'london',9780199767007),(671,'london',9780195393286),(672,'london',9780195374612),(673,'london',9780195079067),(674,'london',9780190469412),(675,'london',9780156027595),(676,'london',9780147523303),(677,'london',9780143120544),(678,'london',9780143111726),(679,'london',9780143036531),(680,'london',9780143035718),(681,'london',9780142001806),(682,'london',9780141307572),(683,'london',9780141185293),(684,'london',9780141182704),(685,'london',9780141047973),(686,'london',9780141042312),(687,'london',9780141035819),(688,'london',9780141028590),(689,'london',9780141027395),(690,'london',9780141000510),(691,'london',9780140432084),(692,'london',9780140291773),(693,'london',9780140279511),(694,'london',9780140139969),(695,'london',9780140092509),(696,'london',9780137142446),(697,'london',9780137081073),(698,'london',9780137043293),(699,'london',9780134094236),(700,'london',9780134034287),(701,'london',9780133890334),(702,'london',9780133478525),(703,'london',9780132350884),(704,'london',9780132180238),(705,'london',9780131872486),(706,'london',9780131482395),(707,'london',9780131479418),(708,'london',9780125531429),(709,'london',9780124201972),(710,'london',9780115524073),(711,'london',9780099537946),(712,'london',9780099511441),(713,'london',9780099418375),(714,'london',9780099410676),(715,'london',9780091955434),(716,'london',9780091947569),(717,'london',9780091943318),(718,'london',9780091940737),(719,'london',9780091929787),(720,'london',9780091912987),(721,'london',9780091901646),(722,'london',9780080963020),(723,'london',9780071790352),(724,'london',9780071716024),(725,'london',9780071448932),(726,'london',9780071418584),(727,'london',9780071401944),(728,'london',9780066620992),(729,'london',9780062495624),(730,'london',9780062457738),(731,'london',9780062430489),(732,'london',9780062407801),(733,'london',9780062385321),(734,'london',9780062368591),(735,'london',9780062358363),(736,'london',9780062301918),(737,'london',9780062276698),(738,'london',9780062273208),(739,'london',9780062116925),(740,'london',9780062005854),(741,'london',9780062003232),(742,'london',9780061733635),(743,'london',9780061723759),(744,'london',9780061708770),(745,'london',9780061452055),(746,'london',9780061359750),(747,'london',9780061353239),(748,'london',9780061241895),(749,'london',9780061234002),(750,'london',9780061227936),(751,'london',9780060987565),(752,'london',9780060987046),(753,'london',9780060934347),(754,'london',9780060929879),(755,'london',9780060889579),(756,'london',9780060833459),(757,'london',9780060742515),(758,'london',9780060567187),(759,'london',9780060566104),(760,'london',9780060556198),(761,'london',9780060521998),(762,'london',9780060517120),(763,'london',9780060182328),(764,'london',9780060155476),(765,'london',9780060008819),(766,'london',9780008125080),(767,'london',9780007506156),(768,'london',9780007491568),(769,'london',9780007462483),(770,'london',9780007294664),(771,'london',9780007252602),(772,'london',9780007196302),(773,'london',9780004703039),(781,'london',9789491435423),(782,'london',9789351951230),(784,'bristol',9789063691103),(785,'london',9788189059668),(786,'bristol',9788189059668),(787,'london',9787115211316),(788,'london',9783945749470),(789,'london',9783943365863),(790,'london',9783899556452),(791,'bristol',9783899556452),(792,'bristol',9783863730703),(793,'london',9783836552417),(794,'london',9783822838785),(795,'london',9783791382708),(796,'london',9783721201451),(797,'london',9783319249193),(798,'london',9783037781050),(799,'london',9782888930969),(800,'london',9781942788119),(801,'bristol',9781942788119),(802,'london',9781942761747),(803,'bristol',9781942761747),(804,'london',9781939529824),(805,'london',9781938922756),(806,'london',9781937785581),(807,'london',9781937785024),(808,'london',9781937557423),(809,'london',9781937557409),(810,'london',9781937557386),(811,'london',9781937557348),(812,'london',9781937557317),(813,'bristol',9781937557317),(814,'london',9781937557287),(815,'bristol',9781937557287),(816,'london',9781937557188),(817,'london',9781937557164),(818,'bristol',9781937557140),(819,'bristol',9781937557133),(820,'london',9781937557102),(821,'bristol',9781937557089),(822,'london',9781937557089),(823,'london',9781937557065),(824,'london',9781937557041),(825,'london',9781937557003),(826,'london',9781936611027),(827,'bristol',9781935613138),(828,'bristol',9781935179221),(829,'london',9781934356296),(830,'bristol',9781934356296),(831,'london',9781934356050),(832,'london',9781934030967),(833,'london',9781933988696),(834,'london',9781933820989),(835,'london',9781933820552),(836,'london',9781933820279),(837,'bristol',9781933820187),(838,'bristol',9781933633862),(839,'london',9781932841718),(840,'london',9781931498715),(841,'london',9781910749104),(842,'london',9781909513075),(843,'bristol',9781909513075),(844,'bristol',9781908717436),(845,'bristol',9781908717122),(846,'bristol',9781907994364),(847,'london',9781907828515),(848,'bristol',9781907828492),(849,'bristol',9781907828157),(850,'bristol',9781907828119),(851,'bristol',9781907533617),(852,'bristol',9781907117046),(853,'bristol',9781906477875),(854,'bristol',9781904915010),(855,'bristol',9781904879435),(856,'bristol',9781904811404),(857,'bristol',9781904027829),(858,'bristol',9781899618224),(859,'london',9781899618224),(860,'bristol',9781897597392),(861,'bristol',9781897597323),(862,'london',9781892295491),(863,'bristol',9781889366005),(864,'bristol',9781888363821),(865,'bristol',9781884829987),(866,'london',9781861897992),(867,'london',9781861897770),(868,'bristol',9781861056252),(869,'bristol',9781857236644),(870,'bristol',9781857231113),(871,'london',9781856697217),(872,'bristol',9781856697217),(873,'london',9781856696982),(874,'london',9781854379139),(875,'london',9781849513609),(876,'london',9781849511544),(877,'bristol',9781849042802),(878,'london',9781848546202),(879,'london',9781847940933),(880,'london',9781847923646),(881,'london',9781847711328),(882,'london',9781847670946),(883,'london',9781847670830),(884,'bristol',9781847375247),(885,'bristol',9781847240088),(886,'london',9781847194947),(887,'london',9781846943171),(888,'london',9781846685828),(889,'london',9781846684302),(890,'london',9781846684050),(891,'london',9781846683015),(892,'london',9781846270604),(893,'london',9781846147647),(894,'london',9781846147531),(895,'london',9781846147388),(896,'london',9781846146039),(897,'london',9781846144325),(898,'bristol',9781846144325),(899,'london',9781846142857),(900,'bristol',9781846142857),(901,'london',9781846141485),(902,'london',9781845769277),(903,'london',9781844429622),(904,'london',9781844082124),(905,'london',9781843539193),(906,'london',9781841621272),(907,'london',9781840915839),(908,'london',9781840181562),(909,'london',9781787286344),(910,'london',9781784881146),(911,'london',9781784783624),(912,'london',9781783986644),(913,'london',9781783961412),(914,'london',9781783781966),(915,'london',9781783351053),(916,'london',9781783284375),(917,'london',9781782397878),(918,'london',9781782161820),(919,'london',9781781688458),(920,'london',9781781253397),(921,'bristol',9781781253397),(922,'london',9781781080450),(923,'london',9781780673066),(924,'london',9781780484259),(925,'london',9781780332000),(926,'london',9781780324500),(927,'london',9781743516775),(928,'london',9781741753592),(929,'london',9781740599511),(930,'london',9781682190227),(931,'london',9781633691889),(932,'london',9781632862259),(933,'london',9781632156105),(934,'london',9781632150165),(935,'london',9781627790369),(936,'london',9781626342927),(937,'london',9781620972250),(938,'london',9781620402771),(939,'london',9781619613744),(940,'london',9781617293412),(941,'london',9781617292323),(942,'london',9781617230172),(943,'bristol',9781616204624),(944,'bristol',9781610391139),(945,'bristol',9781610390446),(946,'bristol',9781609611989),(947,'bristol',9781607101833),(948,'bristol',9781607060765),(949,'london',9781605093109),(950,'bristol',9781605093109),(951,'london',9781603587273),(952,'london',9781599474694),(953,'london',9781598635287),(954,'london',9781598631128),(955,'london',9781597499576),(956,'london',9781596911055),(957,'london',9781595620552),(958,'london',9781594631405),(959,'london',9781594488849),(960,'london',9781594487712),(961,'london',9781594206641),(962,'london',9781594205552),(963,'london',9781594205231),(964,'london',9781594203282),(965,'london',9781594203008),(966,'london',9781594201721),(967,'london',9781594201202),(968,'london',9781593276201),(969,'london',9781593275990),(970,'london',9781593274078),(971,'london',9781593273880),(972,'london',9781593272821),(973,'london',9781593270469),(974,'london',9781592406593),(975,'london',9781591847786),(976,'london',9781591847540),(977,'london',9781591847472),(978,'london',9781591846918),(979,'london',9781591845324),(980,'london',9781591844839),(981,'london',9781591844686),(982,'london',9781591843863),(983,'bristol',9781591843320),(984,'london',9781591843320),(985,'london',9781591843122),(986,'london',9781591842590),(987,'london',9781591841388),(988,'london',9781591840534),(989,'london',9781591795179),(990,'london',9781590599341),(991,'london',9781590598566),(992,'london',9781590598443),(993,'london',9781590598382),(994,'bristol',9781590598146),(995,'bristol',9781590597255),(996,'london',9781590597149),(997,'london',9781590595336),(998,'london',9781590594292),(999,'london',9781590593899),(1000,'london',9781590593561),(1001,'london',9781590302255),(1002,'london',9781590202814),(1003,'london',9781586488758),(1004,'london',9781586487485),(1005,'london',9781584889700),(1006,'london',9781579550080),(1007,'london',9781578518524),(1008,'london',9781576875896),(1009,'london',9781569246818),(1010,'london',9781568987255),(1011,'london',9781568984308),(1012,'london',9781568812137),(1013,'london',9781568491615),(1014,'london',9781562058104),(1015,'bristol',9781562058104),(1016,'london',9781560006251),(1017,'bristol',9781560006251),(1018,'london',9781559584777),(1019,'bristol',9781559584777),(1020,'bristol',9781557866752),(1021,'london',9781557866752),(1022,'london',9781557505187),(1023,'bristol',9781557505187),(1024,'london',9781540861689),(1025,'bristol',9781540861689),(1026,'bristol',9781509845354),(1027,'london',9781509845354),(1028,'london',9781505817485),(1029,'london',9781505425390),(1030,'london',9781503212305),(1031,'london',9781501144318),(1032,'london',9781501141515),(1033,'london',9781501135910),(1034,'london',9781501132582),(1035,'london',9781501121746),(1036,'london',9781498742092),(1037,'london',9781498732161),(1038,'london',9781492180746),(1039,'london',9781491953600),(1040,'london',9781491950357),(1041,'bristol',9781491950357),(1042,'london',9781491948811),(1043,'bristol',9781491948811),(1044,'bristol',9781491945940),(1045,'london',9781491943397),(1046,'london',9781491939703),(1047,'london',9781491938409),(1048,'london',9781491932056),(1049,'london',9781491929124),(1050,'london',9781491924419),(1051,'london',9781491924358),(1052,'london',9781491924044),(1053,'london',9781491921562),(1054,'london',9781491911181),(1055,'london',9781491904909),(1056,'london',9781491904220),(1057,'london',9781491904190),(1058,'london',9781491904152),(1059,'bristol',9781491904152),(1060,'london',9781491903995),(1061,'bristol',9781491903995),(1062,'london',9781491900253),(1063,'bristol',9781491900253),(1064,'london',9781482701968),(1065,'bristol',9781482701968),(1066,'bristol',9781478936565),(1067,'london',9781476793856),(1068,'bristol',9781476793856),(1069,'london',9781476756103),(1070,'bristol',9781476756103),(1071,'london',9781476753652),(1072,'bristol',9781476753652),(1073,'london',9781476725765),(1074,'bristol',9781476725765),(1075,'london',9781476709567),(1076,'london',9781476702711),(1077,'london',9781474238298),(1078,'london',9781472200310),(1079,'london',9781469769172),(1080,'london',9781465407924),(1081,'london',9781461437000),(1082,'london',9781456411510),(1083,'london',9781455586691),(1084,'london',9781455566389),(1085,'london',9781455556618),(1086,'london',9781455554799),(1087,'london',9781455528714),(1088,'london',9781455520015),(1089,'london',9781452108858),(1090,'london',9781451668254),(1091,'london',9781451661194),(1092,'london',9781451648539),(1093,'london',9781451614213),(1094,'london',9781449476052),(1095,'london',9781449459956),(1096,'london',9781449446604),(1097,'london',9781449381875),(1098,'london',9781449377441),(1099,'london',9781449374358),(1100,'london',9781449372637),(1101,'london',9781449372248),(1102,'london',9781449364823),(1103,'london',9781449344856),(1104,'london',9781449344733),(1105,'london',9781449342845),(1106,'london',9781449335533),(1107,'bristol',9781449335533),(1108,'london',9781449331924),(1109,'london',9781449328252),(1110,'bristol',9781449328252),(1111,'london',9781449321055),(1112,'london',9781449320737),(1113,'london',9781449319793),(1114,'london',9781449319564),(1115,'london',9781449311650),(1116,'london',9781449302443),(1117,'london',9781448136063),(1118,'london',9781447294825),(1119,'london',9781447289234),(1120,'bristol',9781447289234),(1121,'bristol',9781447230519),(1122,'london',9781447202325),(1123,'london',9781446409909),(1124,'london',9781446153321),(1125,'london',9781442613850),(1126,'london',9781442397149),(1127,'london',9781440563621),(1128,'london',9781439191705),(1129,'london',9781439159859),(1130,'london',9781439156810),(1131,'london',9781439102114),(1132,'london',9781430266945),(1133,'london',9781430232377),(1134,'london',9781430223511),(1135,'london',9781430210474),(1136,'london',9781429940962),(1137,'london',9781427287649),(1138,'london',9781426210174),(1139,'london',9781422139066),(1140,'london',9781422123126),(1141,'london',9781422122990),(1142,'london',9781420928198),(1143,'london',9781419703737),(1144,'london',9781417665518),(1145,'london',9781416596585),(1146,'london',9781416570967),(1147,'london',9781416562597),(1148,'bristol',9781416528630),(1149,'london',9781416528630),(1150,'london',9781408706763),(1151,'london',9781408701539),(1152,'bristol',9781407244112),(1153,'bristol',9781405390019),(1154,'bristol',9781405131124),(1155,'bristol',9781402295614),(1156,'bristol',9781400847969),(1157,'london',9781400847969),(1158,'london',9781400077304),(1159,'london',9781400069552),(1160,'london',9781400066421),(1161,'london',9781400063512),(1162,'bristol',9781400063512),(1163,'london',9781400044115),(1164,'london',9781400032716),(1165,'london',9781322028583),(1166,'london',9781306813099),(1167,'bristol',9781299073692),(1168,'london',9781299073692),(1169,'bristol',9781297496042),(1170,'london',9781297496042),(1171,'london',9781292081496),(1172,'bristol',9781292081496),(1173,'london',9781257638017),(1174,'bristol',9781257638017),(1175,'bristol',9781250076335),(1176,'bristol',9781250021861),(1177,'bristol',9781250002488),(1178,'bristol',9781190888517),(1179,'bristol',9781138168367),(1180,'london',9781138168367),(1181,'london',9781137278463),(1182,'london',9781119998952),(1183,'bristol',9781119998952),(1184,'london',9781119942535),(1185,'bristol',9781119942535),(1186,'london',9781119447832),(1187,'london',9781118508992),(1188,'london',9781118249741),(1189,'london',9781118008188),(1190,'london',9781107031258),(1191,'london',9781101986233),(1192,'london',9781101980521),(1193,'london',9781101904220),(1194,'london',9780997895810),(1195,'london',9780996421805),(1196,'london',9780993012921),(1197,'london',9780992658564),(1198,'london',9780992658526),(1199,'london',9780992001001),(1200,'london',9780984782864),(1201,'london',9780984442508),(1202,'london',9780982106013),(1203,'london',9780981467306),(1204,'london',9780978774974),(1205,'london',9780978739218),(1206,'london',9780977616640),(1207,'london',9780975568606),(1208,'london',9780966183221),(1209,'london',9780961825171),(1210,'london',9780961454739),(1211,'bristol',9780961392147),(1212,'london',9780961392147),(1213,'london',9780961392116),(1214,'london',9780957587403),(1215,'london',9780955203671),(1216,'london',9780954452933),(1217,'london',9780954300692),(1218,'london',9780937832387),(1219,'london',9780932633491),(1220,'london',9780932633439),(1221,'london',9780930289232),(1222,'london',9780918024763),(1223,'london',9780897331531),(1224,'london',9780896214408),(1225,'london',9780896087798),(1226,'london',9780887849688),(1227,'london',9780887309373),(1228,'london',9780887308550),(1229,'london',9780887307287),(1230,'london',9780884271789),(1231,'bristol',9780884271789),(1232,'london',9780871404138),(1233,'bristol',9780871404138),(1234,'london',9780865478008),(1235,'bristol',9780860915461),(1236,'london',9780860915461),(1237,'london',9780857867346),(1238,'bristol',9780857282514),(1239,'london',9780857282514),(1240,'london',9780857193469),(1241,'london',9780847691104),(1242,'london',9780826356253),(1243,'london',9780812993547),(1244,'london',9780812993394),(1245,'london',9780812993011),(1246,'london',9780812992946),(1247,'london',9780812980103),(1248,'bristol',9780812975215),(1249,'london',9780812972153),(1250,'bristol',9780812972153),(1251,'london',9780812576405),(1252,'bristol',9780812576405),(1253,'london',9780806982274),(1254,'bristol',9780806982274),(1255,'bristol',9780805097016),(1256,'london',9780805092646),(1257,'bristol',9780805092646),(1258,'london',9780805091748),(1259,'bristol',9780805091748),(1260,'bristol',9780805079838),(1261,'london',9780805063899),(1262,'bristol',9780805063899),(1263,'london',9780805006780),(1264,'london',9780804816946),(1265,'london',9780804171458),(1266,'london',9780804139298),(1267,'london',9780804139021),(1268,'london',9780804137256),(1269,'london',9780804136693),(1270,'bristol',9780804136693),(1271,'london',9780802777522),(1272,'bristol',9780802777522),(1273,'london',9780802777515),(1274,'london',9780802123305),(1275,'london',9780801869181),(1276,'london',9780800722791),(1277,'london',9780787988616),(1278,'london',9780787960759),(1279,'london',9780786866021),(1280,'london',9780786718399),(1281,'london',9780786709670),(1282,'london',9780786705443),(1283,'london',9780782143836),(1284,'london',9780767915304),(1285,'london',9780767901888),(1286,'london',9780765386250),(1287,'london',9780765377067),(1288,'london',9780765329103),(1289,'london',9780765309532),(1290,'london',9780764542800),(1291,'london',9780762420186),(1292,'london',9780761178972),(1293,'london',9780761169253),(1294,'bristol',9780761169253),(1295,'london',9780761169086),(1296,'london',9780760349502),(1297,'london',9780756642433),(1298,'bristol',9780751537659),(1299,'bristol',9780751517088),(1300,'bristol',9780751515039),(1301,'bristol',9780749475093),(1302,'london',9780749464134),(1303,'london',9780749463076),(1304,'bristol',9780749463076),(1305,'london',9780749450014),(1306,'london',9780747268185),(1307,'london',9780743449687),(1308,'bristol',9780743289948),(1309,'london',9780743289948),(1310,'london',9780743285223),(1311,'london',9780743270755),(1312,'bristol',9780743270755),(1313,'london',9780743248303),(1314,'london',9780743217347),(1315,'london',9780743207256),(1316,'bristol',9780743207256),(1317,'london',9780743203043),(1318,'london',9780739467350),(1319,'london',9780738204314),(1320,'london',9780735711020),(1321,'bristol',9780735711020),(1322,'london',9780735619937),(1323,'bristol',9780735619678),(1324,'london',9780735619678),(1325,'london',9780735611313),(1326,'london',9780735605350),(1327,'london',9780735273993),(1328,'london',9780722540060),(1329,'london',9780719557330),(1330,'london',9780718159030),(1331,'london',9780718036201),(1332,'london',9780714849188),(1333,'london',9780713998856),(1334,'london',9780713641356),(1335,'london',9780713639742),(1336,'bristol',9780713639742),(1337,'bristol',9780712678865),(1338,'london',9780711236790),(1339,'bristol',9780711236790),(1340,'london',9780706377453),(1341,'london',9780701181451),(1342,'london',9780691176888),(1343,'london',9780691168319),(1344,'london',9780691167404),(1345,'london',9780691166261),(1346,'london',9780691149134),(1347,'london',9780691148908),(1348,'london',9780691147147),(1349,'london',9780691123240),(1350,'london',9780691025650),(1351,'london',9780688069629),(1352,'london',9780684853949),(1353,'london',9780684852867),(1354,'bristol',9780684833392),(1355,'bristol',9780679778318),(1356,'bristol',9780679762881),(1357,'bristol',9780679760801),(1358,'london',9780679751663),(1359,'bristol',9780679751663),(1360,'london',9780679750314),(1361,'bristol',9780679750314),(1362,'bristol',9780679747048),(1363,'bristol',9780679743705),(1364,'london',9780679741800),(1365,'bristol',9780679741800),(1366,'london',9780674729018),(1367,'bristol',9780674729018),(1368,'london',9780672219573),(1369,'bristol',9780672219573),(1370,'london',9780670923342),(1371,'bristol',9780670923342),(1372,'bristol',9780670923212),(1373,'london',9780670918492),(1374,'bristol',9780670918492),(1375,'london',9780670879830),(1376,'bristol',9780670879830),(1377,'bristol',9780670772896),(1378,'london',9780670069972),(1379,'bristol',9780670069972),(1380,'london',9780670067770),(1381,'bristol',9780670067770),(1382,'bristol',9780670025848),(1383,'bristol',9780670022960),(1384,'bristol',9780670021253),(1385,'bristol',9780618689354),(1386,'london',9780618658947),(1387,'bristol',9780618658947),(1388,'bristol',9780615314464),(1389,'london',9780609604168),(1390,'bristol',9780609604168),(1391,'london',9780596808327),(1392,'bristol',9780596808327),(1393,'bristol',9780596806750),(1394,'london',9780596806026),(1395,'bristol',9780596806026),(1396,'london',9780596529321),(1397,'bristol',9780596529321),(1398,'bristol',9780596527341),(1399,'bristol',9780596522308),(1400,'bristol',9780596520649),(1401,'london',9780596520120),(1402,'bristol',9780596520120),(1403,'london',9780596518387),(1404,'bristol',9780596518387),(1405,'london',9780596517748),(1406,'london',9780596516499),(1407,'london',9780596159771),(1408,'london',9780596101992),(1409,'london',9780596009403),(1410,'london',9780596009205),(1411,'london',9780596008673),(1412,'london',9780596007126),(1413,'london',9780596006815),(1414,'london',9780596006624),(1415,'london',9780596003067),(1416,'london',9780596001087),(1417,'london',9780596000530),(1418,'london',9780595185269),(1419,'london',9780593076354),(1420,'london',9780586212042),(1421,'london',9780586203194),(1422,'london',9780586066232),(1423,'london',9780586056998),(1424,'london',9780575402454),(1425,'london',9780575077331),(1426,'london',9780575077027),(1427,'london',9780575003491),(1428,'london',9780571316526),(1429,'london',9780571303663),(1430,'london',9780571297740),(1431,'london',9780571254804),(1432,'bristol',9780571254804),(1433,'london',9780553563702),(1434,'london',9780553562835),(1435,'london',9780553418811),(1436,'london',9780553383669),(1437,'london',9780553381351),(1438,'london',9780553380958),(1439,'london',9780553347593),(1440,'london',9780552998031),(1441,'london',9780552115544),(1442,'london',9780547416991),(1443,'london',9780544808560),(1444,'london',9780544634497),(1445,'london',9780544272996),(1446,'london',9780525428084),(1447,'london',9780521663502),(1448,'london',9780521316231),(1449,'london',9780500276518),(1450,'london',9780471972853),(1451,'london',9780471805533),(1452,'bristol',9780471805533),(1453,'london',9780471770893),(1454,'london',9780471445494),(1455,'london',9780471048855),(1456,'london',9780470639535),(1457,'london',9780470597606),(1458,'london',9780470521168),(1459,'london',9780470102107),(1460,'london',9780470084113),(1461,'london',9780470074992),(1462,'london',9780470068526),(1463,'london',9780470049235),(1464,'london',9780465067107),(1465,'london',9780465039135),(1466,'london',9780465030781),(1467,'london',9780465004881),(1468,'london',9780452011878),(1469,'london',9780451524935),(1470,'bristol',9780451524935),(1471,'london',9780449908884),(1472,'london',9780446675963),(1473,'london',9780446581899),(1474,'london',9780446575065),(1475,'london',9780446556088),(1476,'london',9780446526562),(1477,'london',9780440178002),(1478,'london',9780436205392),(1479,'london',9780434019908),(1480,'london',9780425172902),(1481,'london',9780415953610),(1482,'london',9780415250948),(1483,'london',9780412555701),(1484,'london',9780395755310),(1485,'london',9780394729039),(1486,'london',9780394704685),(1487,'london',9780393634631),(1488,'london',9780393353150),(1489,'london',9780393352177),(1490,'london',9780393351590),(1491,'london',9780393347814),(1492,'london',9780393339758),(1493,'london',9780393338690),(1494,'london',9780393338652),(1495,'london',9780393325355),(1496,'london',9780393324815),(1497,'london',9780393320923),(1498,'london',9780393319408),(1499,'london',9780393254594),(1500,'london',9780393249132),(1501,'london',9780393247688),(1502,'london',9780393239355),(1503,'london',9780393089127),(1504,'london',9780393072952),(1505,'london',9780393072228),(1506,'london',9780393039184),(1507,'london',9780387948607),(1508,'london',9780385721707),(1509,'london',9780385721677),(1510,'london',9780385689229),(1511,'london',9780385529372),(1512,'london',9780385528757),(1513,'london',9780385524384),(1514,'london',9780385523905),(1515,'london',9780385517058),(1516,'london',9780385493628),(1517,'london',9780385480017),(1518,'london',9780385351393),(1519,'london',9780385349949),(1520,'london',9780385345828),(1521,'london',9780380803774),(1522,'london',9780375714498),(1523,'london',9780375705106),(1524,'london',9780375704024),(1525,'london',9780375508738),(1526,'london',9780375424045),(1527,'london',9780375423727),(1528,'london',9780374532994),(1529,'london',9780374530419),(1530,'london',9780374275631),(1531,'london',9780374232870),(1532,'london',9780374227357),(1533,'london',9780374117269),(1534,'london',9780345538376),(1535,'london',9780345530417),(1536,'london',9780345479174),(1537,'london',9780345428899),(1538,'london',9780345414601),(1539,'london',9780345341846),(1540,'london',9780340752128),(1541,'london',9780335221783),(1542,'london',9780333987636),(1543,'london',9780330514019),(1544,'london',9780330492270),(1545,'london',9780330411929),(1546,'london',9780330369435),(1547,'london',9780330343473),(1548,'london',9780321929037),(1549,'london',9780321887863),(1550,'london',9780321884480),(1551,'london',9780321826626),(1552,'london',9780321804334),(1553,'london',9780321804112),(1554,'london',9780321718990),(1555,'london',9780321657299),(1556,'london',9780321637703),(1557,'london',9780321472663),(1558,'london',9780321440303),(1559,'london',9780321344755),(1560,'london',9780321205681),(1561,'london',9780321193858),(1562,'london',9780316921176),(1563,'london',9780316796880),(1564,'london',9780316729154),(1565,'london',9780316380508),(1566,'london',9780316378215),(1567,'london',9780316346627),(1568,'london',9780316306089),(1569,'london',9780316268080),(1570,'london',9780316261241),(1571,'london',9780316253017),(1572,'london',9780316204361),(1573,'london',9780316167253),(1574,'london',9780316164931),(1575,'london',9780316159418),(1576,'london',9780316023788),(1577,'london',9780316017923),(1578,'london',9780316010665),(1579,'london',9780312681937),(1580,'london',9780312569846),(1581,'london',9780312535742),(1582,'london',9780312429249),(1583,'london',9780307957245),(1584,'london',9780307951526),(1585,'london',9780307887894),(1586,'london',9780307887436),(1587,'london',9780307887177),(1588,'london',9780307463746),(1589,'london',9780307379122),(1590,'london',9780307377340),(1591,'london',9780307353139),(1592,'london',9780307352149),(1593,'london',9780307269935),(1594,'london',9780307269645),(1595,'london',9780307266309),(1596,'london',9780306817588),(1597,'london',9780306810503),(1598,'london',9780300218312),(1599,'london',9780300192056),(1600,'london',9780300110562),(1601,'london',9780262541152),(1602,'london',9780262510875),(1603,'london',9780262510271),(1604,'london',9780262134743),(1605,'london',9780262134729),(1606,'london',9780262035477),(1607,'london',9780262034180),(1608,'london',9780262033794),(1609,'london',9780262032933),(1610,'london',9780262028943),(1611,'london',9780262015882),(1612,'london',9780262014861),(1613,'london',9780241258156),(1614,'london',9780241197264),(1615,'london',9780241145395),(1616,'london',9780230744295),(1617,'london',9780230620513),(1618,'london',9780226851761),(1619,'london',9780226333991),(1620,'london',9780226264219),(1621,'london',9780226071565),(1622,'london',9780224098908),(1623,'london',9780201895513),(1624,'london',9780201835953),(1625,'london',9780201616224),(1626,'london',9780201485677),(1627,'london',9780199767007),(1628,'london',9780195393286),(1629,'london',9780195374612),(1630,'london',9780195079067),(1631,'london',9780190469412),(1632,'london',9780156027595),(1633,'london',9780147523303),(1634,'london',9780143120544),(1635,'london',9780143111726),(1636,'london',9780143036531),(1637,'london',9780143035718),(1638,'london',9780142001806),(1639,'london',9780141307572),(1640,'london',9780141185293),(1641,'london',9780141182704),(1642,'london',9780141047973),(1643,'london',9780141042312),(1644,'london',9780141035819),(1645,'london',9780141028590),(1646,'london',9780141027395),(1647,'london',9780141000510),(1648,'london',9780140432084),(1649,'london',9780140291773),(1650,'london',9780140279511),(1651,'london',9780140139969),(1652,'london',9780140092509),(1653,'london',9780137142446),(1654,'london',9780137081073),(1655,'london',9780137043293),(1656,'london',9780134094236),(1657,'london',9780134034287),(1658,'london',9780133890334),(1659,'london',9780133478525),(1660,'london',9780132350884),(1661,'london',9780132180238),(1662,'london',9780131872486),(1663,'london',9780131482395),(1664,'london',9780131479418),(1665,'london',9780125531429),(1666,'london',9780124201972),(1667,'london',9780115524073),(1668,'london',9780099537946),(1669,'london',9780099511441),(1670,'london',9780099418375),(1671,'london',9780099410676),(1672,'london',9780091955434),(1673,'london',9780091947569),(1674,'london',9780091943318),(1675,'london',9780091940737),(1676,'london',9780091929787),(1677,'london',9780091912987),(1678,'london',9780091901646),(1679,'london',9780080963020),(1680,'london',9780071790352),(1681,'london',9780071716024),(1682,'london',9780071448932),(1683,'london',9780071418584),(1684,'london',9780071401944),(1685,'london',9780066620992),(1686,'london',9780062495624),(1687,'london',9780062457738),(1688,'london',9780062430489),(1689,'london',9780062407801),(1690,'london',9780062385321),(1691,'london',9780062368591),(1692,'london',9780062358363),(1693,'london',9780062301918),(1694,'london',9780062276698),(1695,'london',9780062273208),(1696,'london',9780062116925),(1697,'london',9780062005854),(1698,'london',9780062003232),(1699,'london',9780061733635),(1700,'london',9780061723759),(1701,'london',9780061708770),(1702,'london',9780061452055),(1703,'london',9780061359750),(1704,'london',9780061353239),(1705,'london',9780061241895),(1706,'london',9780061234002),(1707,'london',9780061227936),(1708,'london',9780060987565),(1709,'london',9780060987046),(1710,'london',9780060934347),(1711,'london',9780060929879),(1712,'london',9780060889579),(1713,'london',9780060833459),(1714,'london',9780060742515),(1715,'london',9780060567187),(1716,'london',9780060566104),(1717,'london',9780060556198),(1718,'london',9780060521998),(1719,'london',9780060517120),(1720,'london',9780060182328),(1721,'london',9780060155476),(1722,'london',9780060008819),(1723,'london',9780008125080),(1724,'london',9780007506156),(1725,'london',9780007491568),(1726,'london',9780007462483),(1727,'london',9780007294664),(1728,'london',9780007252602),(1729,'london',9780007196302),(1730,'london',9780004703039);
UNLOCK TABLES;

DROP TABLE IF EXISTS `author_book`;
CREATE TABLE `author_book` (
  `author_id` int(10) unsigned NOT NULL,
  `book_isbn` bigint(64) unsigned NOT NULL,
  PRIMARY KEY (`author_id`,`book_isbn`),
  KEY `book_isbn_idx` (`book_isbn`),
  CONSTRAINT `author_book_author_id` FOREIGN KEY (`author_id`) REFERENCES `author` (`id`) ON DELETE CASCADE ON UPDATE CASCADE,
  CONSTRAINT `author_book_book_isbn` FOREIGN KEY (`book_isbn`) REFERENCES `book` (`isbn`) ON DELETE CASCADE ON UPDATE CASCADE
) ENGINE=InnoDB DEFAULT CHARSET=utf8mb4;

LOCK TABLES `author_book` WRITE;
INSERT INTO `author_book` VALUES (358,2940000825303),(861,9780004703039),(243,9780007196302),(382,9780007252602),(383,9780007252602),(613,9780007294664),(679,9780007462483),(215,9780007491568),(1181,9780007506156),(1182,9780007506156),(353,9780007712083),(294,9780008125080),(295,9780008125080),(1075,9780060008819),(201,9780060155476),(202,9780060155476),(203,9780060155476),(894,9780060182328),(735,9780060517120),(736,9780060517120),(1137,9780060521998),(311,9780060556198),(312,9780060556198),(718,9780060566104),(719,9780060566104),(805,9780060567187),(806,9780060567187),(1032,9780060742515),(1033,9780060742515),(1214,9780060833459),(1023,9780060889579),(1024,9780060889579),(537,9780060929879),(378,9780060934347),(379,9780060934347),(380,9780060934347),(1196,9780060987046),(289,9780060987565),(1201,9780061227936),(1009,9780061234002),(1010,9780061234002),(714,9780061241895),(1179,9780061353239),(300,9780061359750),(1076,9780061452055),(1129,9780061708770),(585,9780061723759),(614,9780061733635),(615,9780061733635),(1113,9780062003232),(1092,9780062005854),(834,9780062116925),(898,9780062273208),(660,9780062276698),(706,9780062301918),(599,9780062358363),(291,9780062368591),(677,9780062385321),(678,9780062385321),(487,9780062407801),(488,9780062407801),(9,9780062430489),(232,9780062457738),(104,9780062495624),(934,9780062515872),(234,9780066619781),(715,9780066620992),(649,9780071401944),(650,9780071401944),(651,9780071401944),(652,9780071401944),(653,9780071401944),(108,9780071418584),(1143,9780071448932),(1144,9780071448932),(216,9780071716024),(217,9780071716024),(749,9780071790352),(369,9780080963020),(731,9780091901646),(732,9780091901646),(733,9780091901646),(474,9780091912987),(727,9780091929787),(728,9780091929787),(1103,9780091936969),(558,9780091940737),(1110,9780091943318),(845,9780091947569),(846,9780091947569),(847,9780091947569),(730,9780091955434),(147,9780099410676),(973,9780099418375),(974,9780099418375),(975,9780099418375),(13,9780099511441),(14,9780099511441),(15,9780099511441),(16,9780099511441),(262,9780099537946),(828,9780115524073),(619,9780124201972),(620,9780124201972),(658,9780125531429),(595,9780131479418),(176,9780131482395),(177,9780131872486),(237,9780132180238),(238,9780132180238),(1036,9780132350884),(555,9780133478525),(556,9780133478525),(557,9780133478525),(779,9780133890334),(786,9780134034287),(89,9780134094236),(32,9780137043293),(274,9780137081073),(1068,9780137142446),(1069,9780137142446),(1070,9780137142446),(691,9780140092509),(598,9780140139969),(182,9780140279511),(269,9780140291773),(851,9780140432084),(852,9780140432084),(1141,9780141000510),(130,9780141027395),(1013,9780141028590),(1189,9780141035819),(1190,9780141035819),(211,9780141042312),(212,9780141042312),(213,9780141042312),(214,9780141042312),(810,9780141047973),(133,9780141182704),(134,9780141182704),(135,9780141185293),(136,9780141185293),(994,9780141307572),(943,9780142001806),(907,9780143035718),(285,9780143036531),(286,9780143036531),(93,9780143111726),(94,9780143111726),(95,9780143111726),(199,9780143120544),(87,9780147523303),(64,9780156027595),(65,9780156027595),(66,9780156027595),(192,9780190469412),(193,9780190469412),(1167,9780195079067),(410,9780195374612),(1202,9780195393286),(341,9780199767007),(1088,9780201485677),(1089,9780201485677),(1090,9780201485677),(1091,9780201485677),(826,9780201616224),(827,9780201616224),(668,9780201835953),(946,9780201895513),(947,9780201895513),(948,9780201895513),(949,9780201895513),(950,9780201895513),(951,9780201895513),(772,9780224098908),(144,9780226071565),(858,9780226264219),(504,9780226333991),(1077,9780226851761),(173,9780230620513),(1057,9780230744295),(278,9780241145395),(279,9780241145395),(280,9780241145395),(63,9780241197264),(480,9780241258156),(631,9780262014861),(527,9780262015882),(503,9780262028943),(1017,9780262032933),(1018,9780262032933),(1019,9780262032933),(1020,9780262032933),(520,9780262033794),(526,9780262034180),(187,9780262035477),(915,9780262134729),(630,9780262134743),(756,9780262510271),(314,9780262510875),(315,9780262510875),(316,9780262510875),(50,9780262541152),(825,9780300110562),(711,9780300192056),(250,9780300218312),(750,9780306810503),(267,9780306817588),(268,9780306817588),(1140,9780307266309),(1126,9780307269645),(1146,9780307269935),(1150,9780307352149),(928,9780307353139),(773,9780307377340),(708,9780307379122),(664,9780307463746),(665,9780307463746),(450,9780307887177),(321,9780307887436),(62,9780307887894),(1107,9780307951526),(85,9780307957245),(1052,9780312429249),(411,9780312535742),(929,9780312569846),(930,9780312569846),(1216,9780312681937),(1153,9780316010665),(1156,9780316017923),(226,9780316023788),(482,9780316159418),(483,9780316159418),(859,9780316164931),(538,9780316167253),(539,9780316167253),(540,9780316167253),(1209,9780316204361),(275,9780316253017),(166,9780316261241),(174,9780316268080),(175,9780316268080),(297,9780316306089),(695,9780316346627),(547,9780316378215),(548,9780316378215),(549,9780316378215),(230,9780316380508),(231,9780316380508),(905,9780316729154),(757,9780316796880),(36,9780316921176),(622,9780321193858),(7,9780321205681),(8,9780321205681),(989,9780321344755),(884,9780321440303),(944,9780321472663),(12,9780321637703),(1195,9780321657299),(952,9780321718990),(1133,9780321804112),(440,9780321804334),(441,9780321804334),(1154,9780321826626),(1155,9780321826626),(895,9780321884480),(896,9780321884480),(641,9780321887863),(37,9780321929037),(519,9780330343473),(328,9780330369435),(797,9780330411929),(100,9780330492270),(342,9780330514019),(476,9780333987636),(477,9780333987636),(478,9780333987636),(419,9780335221783),(746,9780340752128),(523,9780345341846),(355,9780345414601),(1145,9780345428899),(111,9780345479174),(112,9780345479174),(1118,9780345530417),(1119,9780345530417),(1177,9780345538376),(514,9780374117269),(381,9780374227357),(1116,9780374232870),(637,9780374275631),(970,9780374530419),(1072,9780374532994),(1073,9780374532994),(684,9780375423727),(685,9780375423727),(686,9780375423727),(687,9780375423727),(688,9780375423727),(689,9780375423727),(690,9780375423727),(879,9780375424045),(800,9780375508738),(1037,9780375704024),(1038,9780375704024),(565,9780375705106),(865,9780375714498),(866,9780375714498),(1186,9780380803774),(1187,9780380803774),(82,9780385345828),(435,9780385349949),(436,9780385349949),(359,9780385351393),(167,9780385480017),(857,9780385493628),(821,9780385517058),(1130,9780385523905),(1148,9780385524384),(1149,9780385524384),(1027,9780385528757),(1028,9780385528757),(855,9780385529372),(313,9780385689229),(186,9780385721677),(1007,9780385721707),(799,9780387948607),(162,9780393039184),(163,9780393039184),(164,9780393039184),(940,9780393072228),(438,9780393072952),(522,9780393089127),(840,9780393239355),(841,9780393239355),(771,9780393247688),(559,9780393249132),(560,9780393249132),(561,9780393249132),(360,9780393254594),(233,9780393319408),(770,9780393320923),(564,9780393324815),(1199,9780393325355),(206,9780393338652),(362,9780393338690),(521,9780393339758),(207,9780393347814),(525,9780393351590),(373,9780393352177),(524,9780393353150),(45,9780393634631),(904,9780394704685),(753,9780394729039),(407,9780395755310),(408,9780395755310),(921,9780412555701),(758,9780415250948),(759,9780415250948),(1041,9780415953610),(1210,9780425172902),(264,9780434019908),(1025,9780436205392),(1104,9780440178002),(434,9780446526562),(361,9780446556088),(1124,9780446575065),(1138,9780446581899),(1139,9780446581899),(981,9780446675963),(982,9780446675963),(700,9780449908884),(936,9780451524935),(937,9780451524935),(1060,9780452011878),(1061,9780452011878),(931,9780465004881),(932,9780465004881),(116,9780465030781),(743,9780465039135),(634,9780465067107),(883,9780470049235),(856,9780470068526),(218,9780470074992),(219,9780470074992),(220,9780470074992),(221,9780470074992),(1183,9780470084113),(1184,9780470084113),(1185,9780470084113),(449,9780470102107),(674,9780470521168),(675,9780470521168),(1,9780470597606),(204,9780470639535),(205,9780470639535),(703,9780471048855),(709,9780471445494),(710,9780471445494),(322,9780471770893),(323,9780471770893),(324,9780471770893),(922,9780471805533),(919,9780471972853),(920,9780471972853),(115,9780500276518),(1102,9780521316231),(813,9780521663502),(400,9780525428084),(663,9780544272996),(529,9780544634497),(422,9780544808560),(1042,9780547416991),(349,9780552115544),(145,9780552998031),(983,9780553347593),(1100,9780553380958),(137,9780553381351),(918,9780553383669),(121,9780553418811),(680,9780553562835),(681,9780553562835),(326,9780553563702),(589,9780571254804),(75,9780571297740),(1175,9780571303663),(284,9780571316526),(837,9780575003491),(345,9780575077027),(344,9780575077331),(235,9780575402454),(343,9780586056998),(352,9780586066232),(350,9780586203194),(351,9780586212042),(338,9780593076354),(541,9780595185269),(961,9780596000530),(962,9780596000950),(963,9780596000950),(964,9780596000950),(801,9780596001087),(802,9780596001087),(992,9780596003067),(993,9780596003067),(1064,9780596006624),(1065,9780596006624),(1066,9780596006624),(1002,9780596006815),(1003,9780596006815),(1004,9780596006815),(168,9780596007126),(169,9780596007126),(170,9780596007126),(171,9780596007126),(28,9780596008673),(29,9780596008673),(30,9780596008673),(178,9780596009205),(179,9780596009205),(1105,9780596009403),(1048,9780596101992),(965,9780596159771),(966,9780596159771),(967,9780596159771),(788,9780596516499),(789,9780596516499),(790,9780596516499),(27,9780596517748),(1034,9780596518387),(1035,9780596518387),(26,9780596520120),(968,9780596520649),(969,9780596520649),(814,9780596522308),(815,9780596522308),(816,9780596522308),(78,9780596527341),(79,9780596527341),(406,9780596529321),(1021,9780596806026),(20,9780596806750),(1050,9780596808327),(1051,9780596808327),(1101,9780609604168),(712,9780615314464),(77,9780618658947),(838,9780618689354),(616,9780670021253),(762,9780670022960),(704,9780670025848),(157,9780670067770),(545,9780670069972),(546,9780670069972),(933,9780670772896),(796,9780670879830),(288,9780670918492),(535,9780670923212),(334,9780670923342),(296,9780672219573),(194,9780674729018),(195,9780674729018),(196,9780674729018),(765,9780679741800),(864,9780679743705),(899,9780679747048),(900,9780679747048),(299,9780679750314),(298,9780679751663),(515,9780679760801),(516,9780679760801),(517,9780679760801),(518,9780679760801),(357,9780679762881),(442,9780679778318),(443,9780679778318),(444,9780679778318),(1008,9780684833392),(1044,9780684852867),(1045,9780684852867),(86,9780684853949),(287,9780688069629),(924,9780691025650),(925,9780691025650),(793,9780691123240),(21,9780691147147),(22,9780691147147),(159,9780691148908),(579,9780691149134),(44,9780691166261),(493,9780691167404),(693,9780691168319),(694,9780691168319),(101,9780691176888),(1049,9780701181451),(11,9780706377453),(609,9780711236790),(610,9780711236790),(1217,9780712678865),(1114,9780713639742),(1115,9780713639742),(997,9780713641356),(1022,9780713998856),(307,9780714849188),(308,9780714849188),(309,9780714849188),(760,9780718036201),(761,9780718036201),(494,9780718159030),(1006,9780719557330),(985,9780722540060),(140,9780735273993),(621,9780735605350),(627,9780735611313),(829,9780735619678),(872,9780735619937),(987,9780735711020),(988,9780735711020),(890,9780738204314),(891,9780738204314),(892,9780738204314),(893,9780738204314),(809,9780739467350),(139,9780743203043),(1053,9780743207256),(592,9780743217347),(935,9780743248303),(698,9780743270755),(699,9780743270755),(729,9780743285223),(1001,9780743289948),(562,9780743449687),(152,9780747268185),(153,9780747268185),(486,9780749450014),(490,9780749463076),(1147,9780749464134),(424,9780749475093),(117,9780751515039),(118,9780751515039),(724,9780751517088),(654,9780751537659),(51,9780752226255),(1026,9780753519851),(1093,9780753539798),(148,9780753548288),(149,9780753548288),(150,9780753548288),(61,9780753555637),(431,9780753557235),(606,9780756642433),(607,9780756642433),(608,9780756642433),(566,9780760349502),(567,9780760349502),(451,9780761169086),(452,9780761169086),(453,9780761169086),(833,9780761169253),(832,9780761178972),(862,9780762420186),(863,9780762420186),(208,9780764542800),(209,9780764542800),(210,9780764542800),(794,9780765309532),(1127,9780765329103),(1128,9780765329103),(119,9780765377067),(120,9780765377067),(448,9780765386250),(76,9780767901888),(172,9780767915304),(869,9780782143836),(716,9780786705443),(479,9780786709670),(984,9780786718399),(531,9780786866021),(532,9780786866021),(533,9780786866021),(534,9780786866021),(6,9780787960759),(1071,9780787988616),(835,9780800722791),(836,9780800722791),(403,9780801869181),(404,9780801869181),(405,9780801869181),(696,9780802123305),(902,9780802777515),(500,9780802777522),(329,9780804136693),(330,9780804136693),(151,9780804137256),(655,9780804139021),(819,9780804139298),(820,9780804139298),(19,9780804171458),(939,9780804816946),(911,9780805006780),(912,9780805006780),(914,9780805063899),(754,9780805079838),(1218,9780805091748),(877,9780805092646),(878,9780805092646),(909,9780805097016),(484,9780806982274),(485,9780806982274),(583,9780812576405),(584,9780812576405),(1121,9780812972153),(1014,9780812975215),(774,9780812980103),(1172,9780812992946),(751,9780812993011),(752,9780812993011),(572,9780812993394),(571,9780812993547),(570,9780826356253),(1063,9780847691104),(348,9780857193469),(1203,9780857282514),(1142,9780857867346),(496,9780860915461),(497,9780860915461),(498,9780860915461),(499,9780860915461),(1120,9780865478008),(239,9780871404138),(34,9780884271789),(35,9780884271789),(626,9780887307287),(676,9780887308550),(843,9780887309373),(844,9780887309373),(261,9780887849688),(189,9780896087798),(190,9780896087798),(995,9780896214408),(370,9780897331531),(734,9780918024763),(52,9780930289232),(53,9780930289232),(54,9780930289232),(624,9780932633439),(625,9780932633439),(366,9780932633491),(227,9780937832387),(228,9780937832387),(229,9780937832387),(24,9780954300692),(25,9780954300692),(550,9780954452933),(1046,9780955203671),(33,9780957587403),(590,9780961392116),(611,9780961392147),(1197,9780961454739),(1198,9780961454739),(791,9780961825171),(1012,9780966183221),(1215,9780975568606),(886,9780977616640),(887,9780977616640),(888,9780977616640),(638,9780978739218),(778,9780978774974),(744,9780981467306),(745,9780981467306),(90,9780982106013),(462,9780984442508),(463,9780984442508),(495,9780984782864),(776,9780992001001),(423,9780992658526),(428,9780992658564),(429,9780992658564),(331,9780993012921),(306,9780996421805),(58,9780997895810),(59,9780997895810),(105,9781101904220),(512,9781101980521),(129,9781101986233),(867,9781107031258),(971,9781118008188),(396,9781118249741),(397,9781118249741),(398,9781118249741),(399,9781118249741),(643,9781118508992),(644,9781118508992),(49,9781119447832),(804,9781119942535),(623,9781119998952),(901,9781137278463),(437,9781138168367),(1162,9781190888517),(795,9781250002488),(1194,9781250021861),(325,9781250076335),(848,9781257638017),(849,9781257638017),(10,9781292081496),(629,9781297496042),(908,9781299073692),(812,9781306813099),(672,9781322028583),(903,9781400032716),(1016,9781400044115),(1067,9781400063512),(447,9781400066421),(737,9781400069552),(738,9781400069552),(409,9781400077304),(726,9781400847969),(717,9781402295614),(873,9781405131124),(874,9781405131124),(875,9781405131124),(876,9781405131124),(998,9781405390019),(999,9781405390019),(346,9781407244112),(445,9781408701539),(60,9781408706763),(991,9781416528630),(1015,9781416562597),(977,9781416570967),(978,9781416570967),(979,9781416570967),(1043,9781416596585),(722,9781417665518),(1117,9781419703737),(594,9781420928198),(670,9781422122990),(671,9781422122990),(854,9781422123126),(646,9781422139066),(740,9781426210174),(741,9781426210174),(165,9781427287649),(1125,9781429940962),(645,9781430210474),(303,9781430223511),(798,9781430232377),(769,9781430266945),(1099,9781439102114),(38,9781439156810),(1207,9781439159859),(292,9781439191705),(1200,9781440563621),(392,9781442397149),(244,9781442613850),(245,9781442613850),(659,9781446153321),(1157,9781446409909),(1134,9781447202325),(1135,9781447202325),(492,9781447230519),(336,9781447289234),(335,9781447294825),(401,9781448136063),(402,9781448136063),(647,9781449302443),(648,9781449302443),(47,9781449311650),(48,9781449311650),(1159,9781449319564),(417,9781449319793),(113,9781449320737),(114,9781449320737),(1132,9781449321055),(1131,9781449328252),(415,9781449331924),(416,9781449331924),(568,9781449335533),(1178,9781449342845),(850,9781449344733),(1170,9781449344856),(1171,9781449344856),(1211,9781449359232),(763,9781449364823),(1151,9781449372248),(1152,9781449372248),(702,9781449372637),(191,9781449374358),(1122,9781449377441),(1123,9781449377441),(185,9781449381875),(811,9781449446604),(817,9781449459956),(818,9781449459956),(106,9781449476052),(916,9781451614213),(917,9781451614213),(1074,9781451648539),(319,9781451661194),(320,9781451661194),(1106,9781451668254),(628,9781452108858),(107,9781455520015),(481,9781455528714),(635,9781455554799),(768,9781455556618),(132,9781455566389),(588,9781455586691),(475,9781456411510),(327,9781461437000),(605,9781465407924),(1188,9781469769172),(333,9781472200310),(302,9781474238298),(713,9781476702711),(197,9781476709567),(198,9781476709567),(725,9781476725765),(591,9781476753652),(491,9781476756103),(372,9781476793856),(384,9781478936565),(385,9781478936565),(386,9781478936565),(387,9781478936565),(388,9781478936565),(389,9781478936565),(390,9781478936565),(391,9781478936565),(1193,9781482701968),(612,9781491900253),(766,9781491903995),(603,9781491904152),(604,9781491904190),(602,9781491904220),(39,9781491904909),(40,9781491904909),(683,9781491911181),(180,9781491921562),(98,9781491924044),(99,9781491924044),(181,9781491924358),(601,9781491924419),(551,9781491929124),(552,9781491929124),(553,9781491929124),(554,9781491929124),(586,9781491932056),(587,9781491932056),(41,9781491938409),(42,9781491938409),(200,9781491939703),(489,9781491943397),(807,9781491945940),(808,9781491945940),(222,9781491948811),(223,9781491948811),(673,9781491950357),(102,9781491953600),(103,9781491953600),(822,9781492180746),(367,9781498732161),(368,9781498732161),(83,9781498742092),(580,9781501121746),(581,9781501121746),(582,9781501121746),(543,9781501132582),(317,9781501135910),(158,9781501141515),(46,9781501144318),(2,9781503212305),(666,9781505425390),(542,9781505817485),(131,9781509845354),(414,9781540861689),(830,9781557505187),(138,9781557866752),(839,9781559584777),(824,9781560006251),(927,9781562058104),(1163,9781568491615),(1164,9781568491615),(742,9781568812137),(831,9781568984308),(259,9781568987255),(885,9781569246818),(906,9781576875896),(1212,9781578518524),(1213,9781578518524),(767,9781579550080),(923,9781584889700),(563,9781586487485),(1047,9781586488758),(1136,9781590202814),(880,9781590302255),(881,9781590302255),(882,9781590302255),(976,9781590593561),(870,9781590593899),(957,9781590594292),(958,9781590594292),(959,9781590594292),(960,9781590594292),(953,9781590595336),(954,9781590595336),(777,9781590597149),(656,9781590597255),(657,9781590597255),(955,9781590598146),(871,9781590598382),(1108,9781590598443),(956,9781590598566),(642,9781590599341),(783,9781591795179),(509,9781591840534),(510,9781591840534),(1165,9781591841388),(1166,9781591841388),(1059,9781591842590),(972,9781591843122),(1030,9781591843320),(747,9781591843863),(363,9781591844686),(1098,9781591844839),(188,9781591845324),(1208,9781591846017),(273,9781591846918),(347,9781591847472),(426,9781591847540),(43,9781591847786),(91,9781592406593),(96,9781593270469),(669,9781593272821),(1062,9781593273880),(272,9781593274078),(748,9781593275990),(755,9781593276201),(1160,9781594201202),(1161,9781594201202),(739,9781594201721),(980,9781594203008),(530,9781594203282),(427,9781594205231),(600,9781594205552),(301,9781594206641),(1109,9781594487712),(1192,9781594488849),(446,9781594631405),(868,9781595620552),(263,9781596911055),(682,9781597499576),(1097,9781598631128),(945,9781598635287),(290,9781599474694),(154,9781603587273),(155,9781603587273),(160,9781605093109),(161,9781605093109),(225,9781607060765),(371,9781607101833),(780,9781609611989),(781,9781609611989),(782,9781609611989),(1078,9781610390446),(1079,9781610390446),(1180,9781610391139),(304,9781616204624),(305,9781616204624),(569,9781617230172),(84,9781617292323),(68,9781617293412),(69,9781617293412),(276,9781619613744),(860,9781620402771),(393,9781620972250),(241,9781626342927),(142,9781627790369),(143,9781627790369),(254,9781632150165),(255,9781632150165),(256,9781632152695),(257,9781632152695),(251,9781632156105),(252,9781632156105),(253,9781632156105),(18,9781632862259),(56,9781633691889),(57,9781633691889),(593,9781682190227),(1080,9781740599511),(1081,9781740599511),(1082,9781740599511),(1083,9781740599511),(1084,9781740599511),(1085,9781740599511),(1086,9781740599511),(1087,9781740599511),(1031,9781741753592),(941,9781743516775),(667,9781780324500),(697,9781780332000),(1176,9781780484259),(420,9781780673066),(421,9781780673066),(942,9781781080450),(283,9781781253397),(513,9781781688458),(1205,9781782161820),(1206,9781782161820),(258,9781782397878),(897,9781783284375),(318,9781783351053),(293,9781783781966),(240,9781783961412),(764,9781783986644),(332,9781784783624),(92,9781784881146),(277,9781787286344),(375,9781840181562),(784,9781840915839),(785,9781840915839),(990,9781841621272),(996,9781843539193),(775,9781844082124),(986,9781844429622),(853,9781845769277),(823,9781846141485),(71,9781846142857),(265,9781846144325),(266,9781846144325),(536,9781846146039),(511,9781846147388),(913,9781846147531),(425,9781846147647),(1000,9781846270604),(74,9781846683015),(1058,9781846684050),(183,9781846684302),(184,9781846684302),(528,9781846685828),(141,9781846943171),(439,9781847194947),(31,9781847240088),(374,9781847375247),(110,9781847670830),(109,9781847670946),(720,9781847711328),(721,9781847711328),(146,9781847923646),(3,9781847940933),(4,9781847940933),(5,9781847940933),(1168,9781848546202),(1169,9781848546202),(1191,9781849042802),(705,9781849511544),(787,9781849513609),(926,9781854379139),(1094,9781856696982),(1095,9781856696982),(1096,9781856696982),(418,9781856697217),(354,9781857231113),(356,9781857236644),(596,9781861056252),(597,9781861056252),(910,9781861897770),(938,9781861897992),(413,9781884829987),(281,9781888363821),(282,9781888363821),(247,9781889366005),(248,9781889366005),(249,9781889366005),(701,9781892295491),(842,9781897597323),(1005,9781897597392),(310,9781899618224),(1174,9781904027829),(1011,9781904811404),(1029,9781904879435),(1111,9781904915010),(1112,9781904915010),(661,9781906477875),(662,9781906477875),(544,9781907117046),(122,9781907533617),(123,9781907533617),(124,9781907533617),(125,9781907533617),(126,9781907533617),(578,9781907828119),(577,9781907828157),(575,9781907828492),(576,9781907828492),(574,9781907828515),(394,9781907994364),(395,9781907994364),(1204,9781908717122),(692,9781908717436),(236,9781909513075),(364,9781910749104),(365,9781910749104),(889,9781921569135),(1054,9781931498715),(1055,9781931498715),(1056,9781931498715),(1158,9781932841718),(224,9781933633862),(636,9781933820187),(632,9781933820279),(633,9781933820552),(432,9781933820989),(433,9781933820989),(639,9781933988696),(640,9781933988696),(127,9781934030967),(128,9781934030967),(23,9781934356050),(17,9781934356296),(707,9781935179221),(156,9781935613138),(1173,9781936611027),(461,9781937557003),(459,9781937557041),(460,9781937557041),(454,9781937557065),(458,9781937557089),(456,9781937557102),(457,9781937557102),(455,9781937557133),(467,9781937557140),(468,9781937557140),(270,9781937557164),(271,9781937557164),(472,9781937557188),(469,9781937557287),(471,9781937557317),(470,9781937557348),(473,9781937557386),(465,9781937557409),(466,9781937557409),(464,9781937557423),(55,9781937785024),(723,9781937785581),(337,9781938922756),(80,9781939529824),(81,9781939529824),(430,9781942761747),(67,9781942788119),(70,9782888930969),(246,9783037781050),(617,9783319249193),(618,9783319249193),(242,9783721201451),(376,9783791382708),(377,9783791382708),(72,9783822838785),(73,9783822838785),(792,9783836552417),(573,9783863730703),(505,9783899556452),(506,9783899556452),(507,9783899556452),(508,9783899556452),(260,9783943365863),(412,9783945749470),(97,9787115211316),(803,9788189059668),(1039,9789063691103),(1040,9789063691103),(339,9789351951230),(340,9789351951230),(88,9789491435423),(501,9789770931196),(502,9789770931196);
UNLOCK TABLES;

DROP TABLE IF EXISTS `lending`;
CREATE TABLE `lending` (
  `lend_id` int(10) unsigned NOT NULL AUTO_INCREMENT,
  `email` varchar(255) DEFAULT NULL,
  `copy_id` int(10) unsigned NOT NULL,
  `checkout_date` datetime NOT NULL,
  `checkin_date` datetime DEFAULT NULL,
  PRIMARY KEY (`lend_id`),
  KEY `copy_id_idx` (`copy_id`),
  CONSTRAINT `lending_copy_id` FOREIGN KEY (`copy_id`) REFERENCES `copy` (`id`) ON DELETE CASCADE ON UPDATE CASCADE
) ENGINE=InnoDB DEFAULT CHARSET=utf8mb4;

LOCK TABLES `lending` WRITE;
UNLOCK TABLES;